new_pcon,con,green,lab,ld,other,pc,ref,snp,pcon_nm,winner,,,,,,,,,,,
E14001063,0.257377666,0.045908456,0.417189656,0.115384112,0.070247444,0,0.093892666,0,Aldershot,lab,,,,,,,,,,,
E14001064,0.250597043,0.041175597,0.347664602,0.030368626,0,0,0.330194132,0,Aldridge-Brownhills,lab,,,,,,,,,,,
E14001065,0.246656435,0.054092025,0.498536334,0.094267805,0.014098578,0,0.092348824,0,Altrincham and Sale West,lab,,,,,,,,,,,
E14001066,0.29205461,0.074835397,0.401681201,0.041092714,0,0,0.190336079,0,Amber Valley,lab,,,,,,,,,,,
E14001067,0.337880847,0.084217713,0.217103317,0.178236267,0.009523883,0,0.173037973,0,Arundel and South Downs,con,,,,,,,,,,,
E14001068,0.155521288,0.028520244,0.371537613,0.027380223,0.171616641,0,0.24542399,0,Ashfield,lab,,,,,,,,,,,
E14001069,0.287509771,0.060746348,0.343162849,0.111815375,0.009906758,0,0.186858899,0,Ashford,lab,,,,,,,,,,,
E14001070,0.163766909,0.04290995,0.615584329,0.029311297,0.005262874,0,0.143164641,0,Ashton-under-Lyne,lab,,,,,,,,,,,
E14001071,0.260531616,0.048143192,0.262999209,0.29160174,0.009428436,0,0.127295807,0,Aylesbury,ld,,,,,,,,,,,
E14001072,0.235279999,0.092863836,0.342504307,0.129550765,0.008557061,0,0.191244034,0,Banbury,lab,,,,,,,,,,,
E14001073,0.124533221,0.062983054,0.550877513,0.036226085,0.034896418,0,0.190483709,0,Barking,lab,,,,,,,,,,,
E14001074,0.11749569,0.054427268,0.436365078,0.042551052,0.024825985,0,0.324334927,0,Barnsley North,lab,,,,,,,,,,,
E14001075,0.120473653,0.057524434,0.373910052,0.153320956,0.009683845,0,0.28508706,0,Barnsley South,lab,,,,,,,,,,,
E14001076,0.239630121,0.032691474,0.569006687,0.036074061,0.008377485,0,0.114220172,0,Barrow and Furness,lab,,,,,,,,,,,
E14001077,0.340517704,0.0791601,0.287456942,0.069125756,0.011884253,0,0.211855247,0,Basildon and Billericay,con,,,,,,,,,,,
E14001078,0.231773197,0.047485334,0.48771448,0.091816293,0.010813089,0,0.130397606,0,Basingstoke,lab,,,,,,,,,,,
E14001079,0.262810363,0.03127301,0.491436405,0.03789335,0,0,0.176586871,0,Bassetlaw,lab,,,,,,,,,,,
E14001080,0.14822384,0.040643782,0.154550685,0.562892332,0.008993677,0,0.084695685,0,Bath,ld,,,,,,,,,,,
E14001081,0.166537948,0.094509097,0.551916397,0.103382059,0.009928729,0,0.07372577,0,Battersea,lab,,,,,,,,,,,
E14001082,0.301922582,0.0492443,0.283520122,0.132680516,0.039082916,0,0.193549565,0,Beaconsfield,con,,,,,,,,,,,
E14001083,0.194635472,0.098265358,0.455641764,0.158706622,0,0,0.092750783,0,Beckenham and Penge,lab,,,,,,,,,,,
E14001084,0.182238478,0.050752635,0.57274095,0.056637417,0.008263097,0,0.129367423,0,Bedford,lab,,,,,,,,,,,
E14001085,0.119942778,0.097232416,0.451569917,0.213442026,0.060153245,0,0.057659617,0,Bermondsey and Old Southwark,lab,,,,,,,,,,,
E14001086,0.07312479,0.066836341,0.65432249,0.074189783,0.07007331,0,0.061453287,0,Bethnal Green and Stepney,lab,,,,,,,,,,,
E14001087,0.302188509,0.045209328,0.3403946,0.08593354,0.05631267,0,0.169961354,0,Beverley and Holderness,lab,,,,,,,,,,,
E14001088,0.319788973,0.047653077,0.403402496,0.103205786,0.00669996,0,0.119249708,0,Bexhill and Battle,lab,,,,,,,,,,,
E14001089,0.269017571,0.04865727,0.401656049,0.046480653,0,0,0.234188456,0,Bexleyheath and Crayford,lab,,,,,,,,,,,
E14001090,0.309834503,0.049979819,0.285565477,0.252840062,0.008923994,0,0.092856144,0,Bicester and Woodstock,con,,,,,,,,,,,
E14001091,0.091155798,0.087817398,0.601535545,0.040948931,0.034189734,0,0.144352595,0,Birkenhead,lab,,,,,,,,,,,
E14001092,0.16256521,0.045211364,0.571753871,0.084951059,0.015635793,0,0.119882703,0,Birmingham Edgbaston,lab,,,,,,,,,,,
E14001093,0.166194752,0.064929981,0.572465372,0.023301566,0.01651226,0,0.156596068,0,Birmingham Erdington,lab,,,,,,,,,,,
E14001094,0.094249717,0.05376528,0.627096831,0.070279441,0.057471344,0,0.097137388,0,Birmingham Hall Green and Moseley,lab,,,,,,,,,,,
E14001095,0.133275138,0.054034018,0.522518798,0.039870194,0.115497015,0,0.134804837,0,Birmingham Hodge Hill and Solihull North,lab,,,,,,,,,,,
E14001096,0.079423754,0.081005286,0.658672181,0.031353392,0.05717399,0,0.092371398,0,Birmingham Ladywood,lab,,,,,,,,,,,
E14001097,0.199678071,0.037052717,0.535514496,0.062970315,0.008896906,0,0.155887495,0,Birmingham Northfield,lab,,,,,,,,,,,
E14001098,0.116367696,0.068694762,0.575557617,0.064287351,0.108069963,0,0.067022611,0,Birmingham Perry Barr,lab,,,,,,,,,,,
E14001099,0.155217377,0.093406746,0.563245804,0.04894219,0.030875886,0,0.108311997,0,Birmingham Selly Oak,lab,,,,,,,,,,,
E14001100,0.148129327,0.064121253,0.463477919,0.056752295,0.122462958,0,0.145056248,0,Birmingham Yardley,lab,,,,,,,,,,,
E14001101,0.23608753,0.036833683,0.482229719,0.033095398,0.008853358,0,0.202900312,0,Bishop Auckland,lab,,,,,,,,,,,
E14001102,0.098971195,0.031679881,0.629783014,0.024654652,0.071632805,0,0.143278454,0,Blackburn,lab,,,,,,,,,,,
E14001103,0.125286358,0.033574758,0.70138946,0.024582862,0,0,0.115166563,0,Blackley and Middleton South,lab,,,,,,,,,,,
E14001104,0.22938417,0.029547012,0.487342262,0.037956591,0.008527233,0,0.207242732,0,Blackpool North and Fleetwood,lab,,,,,,,,,,,
E14001105,0.200025839,0.029328401,0.55513817,0.033068429,0.0092121,0,0.173227061,0,Blackpool South,lab,,,,,,,,,,,
E14001106,0.152545646,0.038231247,0.535406383,0.035007816,0.012822817,0,0.22598609,0,Blaydon and Consett,lab,,,,,,,,,,,
E14001107,0.141961791,0.044864885,0.623691259,0.044024915,0,0,0.14545715,0,Blyth and Ashington,lab,,,,,,,,,,,
E14001108,0.325415848,0.049224976,0.368269831,0.091838745,0.011062829,0,0.154187772,0,Bognor Regis and Littlehampton,lab,,,,,,,,,,,
E14001109,0.229195706,0.047718491,0.46922561,0.039961644,0,0,0.213898549,0,Bolsover,lab,,,,,,,,,,,
E14001110,0.196281124,0.03865573,0.44714471,0.06389221,0.020876703,0,0.233149522,0,Bolton North East,lab,,,,,,,,,,,
E14001111,0.132781634,0.052763328,0.524299828,0.03521784,0.089207045,0,0.165730324,0,Bolton South and Walkden,lab,,,,,,,,,,,
E14001112,0.249187483,0.035048545,0.468922952,0.056417676,0.011146302,0,0.179277043,0,Bolton West,lab,,,,,,,,,,,
E14001113,0.049261337,0.030341827,0.819850727,0.029412102,0.005366024,0,0.065767983,0,Bootle,lab,,,,,,,,,,,
E14001114,0.363686272,0.034431394,0.290813965,0.057214811,0.025648486,0,0.228205071,0,Boston and Skegness,con,,,,,,,,,,,
E14001115,0.220325018,0.057310816,0.46146997,0.081552338,0.024286838,0,0.155055021,0,Bournemouth East,lab,,,,,,,,,,,
E14001116,0.23267079,0.072563497,0.45742289,0.055219416,0.021224391,0,0.160899016,0,Bournemouth West,lab,,,,,,,,,,,
E14001117,0.257638372,0.057894016,0.365500349,0.147429411,0.008685177,0,0.162852675,0,Bracknell,lab,,,,,,,,,,,
E14001118,0.112883089,0.154492088,0.541027617,0.061246978,0.02858644,0,0.101763789,0,Bradford East,lab,,,,,,,,,,,
E14001119,0.199666112,0.101401082,0.51470019,0.03722226,0.016251714,0,0.130758642,0,Bradford South,lab,,,,,,,,,,,
E14001120,0.077700778,0.080419607,0.590723018,0.034181219,0.149930321,0,0.067045057,0,Bradford West,lab,,,,,,,,,,,
E14001121,0.296559195,0.036266855,0.302912551,0.073203036,0.050782114,0,0.240276248,0,Braintree,lab,,,,,,,,,,,
E14001122,0.128611483,0.078187246,0.613928287,0.092332916,0.020621917,0,0.066318151,0,Brent East,lab,,,,,,,,,,,
E14001123,0.200467899,0.086528374,0.554033494,0.074880831,0.02091805,0,0.063171353,0,Brent West,lab,,,,,,,,,,,
E14001124,0.163130962,0.057970124,0.53373184,0.141409475,0.024206701,0,0.079550898,0,Brentford and Isleworth,lab,,,,,,,,,,,
E14001125,0.379149207,0.09131473,0.26042459,0.111139819,0.009591861,0,0.148379792,0,Brentwood and Ongar,con,,,,,,,,,,,
E14001126,0.220142023,0.039911277,0.369606111,0.122793417,0.034738842,0,0.212808329,0,Bridgwater,lab,,,,,,,,,,,
E14001127,0.331547474,0.079677537,0.239421247,0.120350812,0.016593486,0,0.212409445,0,Bridlington and The Wolds,con,,,,,,,,,,,
E14001128,0.309124112,0.076768751,0.27949823,0.042677467,0,0,0.291931441,0,Brigg and Immingham,con,,,,,,,,,,,
E14001129,0.20563446,0.073583884,0.621909963,0.056442247,0.042429446,0,0,0,Brighton Kemptown and Peacehaven,lab,,,,,,,,,,,
E14001130,0.0713097,0.653574098,0.191775363,0.013278449,0.016721869,0,0.053340521,0,Brighton Pavilion,green,,,,,,,,,,,
E14001131,0.064228374,0.444195372,0.410406678,0.015549802,0.00839483,0,0.057224944,0,Bristol Central,green,,,,,,,,,,,
E14001132,0.154463977,0.088573757,0.670692261,0.07221084,0.014059166,0,0,0,Bristol East,lab,,,,,,,,,,,
E14001133,0.168706485,0.08815226,0.574473508,0.035520859,0.009665962,0,0.123480927,0,Bristol North East,lab,,,,,,,,,,,
E14001134,0.161880621,0.206339342,0.490140465,0.047525958,0.020840002,0,0.073273612,0,Bristol North West,lab,,,,,,,,,,,
E14001135,0.133931727,0.07832078,0.609320297,0.038999192,0.016273415,0,0.123154589,0,Bristol South,lab,,,,,,,,,,,
E14001136,0.336733278,0.043280727,0.408176945,0.108842519,0,0,0.102966531,0,Broadland and Fakenham,lab,,,,,,,,,,,
E14001137,0.291290457,0.070717711,0.328429628,0.135116608,0.011548626,0,0.162896971,0,Bromley and Biggin Hill,lab,,,,,,,,,,,
E14001138,0.332862238,0.047097474,0.387955732,0.091058582,0.007089565,0,0.133936408,0,Bromsgrove,lab,,,,,,,,,,,
E14001139,0.33659724,0.044315066,0.334017868,0.088674357,0.009474936,0,0.186920532,0,Broxbourne,con,,,,,,,,,,,
E14001140,0.203787789,0.055612039,0.523405955,0.025988739,0.022336535,0,0.168868943,0,Broxtowe,lab,,,,,,,,,,,
E14001141,0.300831246,0.061857895,0.349761333,0.119257765,0.013456236,0,0.154835525,0,Buckingham and Bletchley,lab,,,,,,,,,,,
E14001142,0.199825301,0.036130719,0.514490255,0.070434719,0.041078773,0,0.138040232,0,Burnley,lab,,,,,,,,,,,
E14001143,0.309773472,0.07605486,0.328165882,0.088827368,0.047427984,0,0.149750435,0,Burton and Uttoxeter,lab,,,,,,,,,,,
E14001144,0.224260435,0.040940129,0.544442452,0.036383022,0.01119739,0,0.142776571,0,Bury North,lab,,,,,,,,,,,
E14001145,0.203234086,0.045894298,0.546312864,0.043323435,0.018051616,0,0.143183701,0,Bury South,lab,,,,,,,,,,,
E14001146,0.298404801,0.088637097,0.289037347,0.079729249,0.01402336,0,0.230168146,0,Bury St Edmunds and Stowmarket,con,,,,,,,,,,,
E14001147,0.224783731,0.036211796,0.516858264,0.041454832,0.011721117,0,0.16897026,0,Calder Valley,lab,,,,,,,,,,,
E14001148,0.226848168,0.039458572,0.465475012,0.070467793,0.009115734,0,0.188634721,0,Camborne and Redruth,lab,,,,,,,,,,,
E14001149,0.109373042,0.112459756,0.403902155,0.362268666,0.01199638,0,0,0,Cambridge,lab,,,,,,,,,,,
E14001150,0.303890282,0.112973745,0.30182352,0.027896282,0,0,0.253416171,0,Cannock Chase,con,,,,,,,,,,,
E14001151,0.216489007,0.042819568,0.560473563,0.051170712,0.010393054,0,0.118654095,0,Canterbury,lab,,,,,,,,,,,
E14001152,0.283601631,0.037480613,0.466148718,0.062959491,0.030047117,0,0.11976243,0,Carlisle,lab,,,,,,,,,,,
E14001153,0.22762832,0.035191471,0.224796733,0.384994748,0.008703427,0,0.1186853,0,Carshalton and Wallington,ld,,,,,,,,,,,
E14001154,0.410527976,0.035728424,0.283550405,0.073596709,0,0,0.196596486,0,Castle Point,con,,,,,,,,,,,
E14001155,0.246383815,0.086704921,0.404714902,0.113947224,0.025143542,0,0.123105596,0,Central Devon,lab,,,,,,,,,,,
E14001156,0.336757564,0.097490926,0.308053643,0.102028995,0.009292703,0,0.146376168,0,Central Suffolk and North Ipswich,con,,,,,,,,,,,
E14001157,0.339960259,0.050563216,0.36391493,0.063404427,0.014702422,0,0.167454746,0,Chatham and Aylesford,lab,,,,,,,,,,,
E14001158,0.23173626,0.024436248,0.204351312,0.411909139,0.006307161,0,0.121259881,0,Cheadle,ld,,,,,,,,,,,
E14001159,0.322456459,0.047148008,0.266181674,0.280615955,0.009455174,0,0.07414273,0,Chelmsford,con,,,,,,,,,,,
E14001160,0.2407548,0.058745982,0.358930467,0.182300067,0.015453392,0,0.143815292,0,Chelsea and Fulham,lab,,,,,,,,,,,
E14001161,0.226818085,0.023677088,0.111379236,0.617451644,0.020673947,0,0,0,Cheltenham,ld,,,,,,,,,,,
E14001162,0.204946082,0.029430328,0.09443436,0.514525851,0.082042659,0,0.07462072,0,Chesham and Amersham,ld,,,,,,,,,,,
E14001163,0.165859835,0.038395584,0.586002572,0.061528411,0,0,0.148213597,0,Chester North and Neston,lab,,,,,,,,,,,
E14001164,0.274677242,0.044507907,0.323058545,0.134034803,0.00510106,0,0.218620444,0,Chester South and Eddisbury,lab,,,,,,,,,,,
E14001165,0.162962776,0.033690087,0.577812052,0.046755381,0.007994736,0,0.170784968,0,Chesterfield,lab,,,,,,,,,,,
E14001166,0.349836217,0.060981762,0.189639688,0.282032483,0.008393131,0,0.109116719,0,Chichester,con,,,,,,,,,,,
E14001167,0.267378011,0.07205625,0.410385397,0.07418432,0.079782144,0,0.096213878,0,Chingford and Woodford Green,lab,,,,,,,,,,,
E14001168,0.264463466,0.032301582,0.130956914,0.413576002,0.006607525,0,0.152094512,0,Chippenham,ld,,,,,,,,,,,
E14001169,0.24935726,0.044633804,0.527330527,0.068233259,0.035302814,0,0.075142335,0,Chipping Barnet,lab,,,,,,,,,,,
E14001170,0,0.300921032,0,0,0.699078968,0,0,0,Chorley,speaker,,,,,,,,,,,
E14001171,0.359372179,0.058607519,0.209219855,0.191132704,0.021168918,0,0.160498824,0,Christchurch,con,,,,,,,,,,,
E14001172,0.200568417,0.072129434,0.404893363,0.208900983,0.011780796,0,0.101727006,0,Cities of London and Westminster,lab,,,,,,,,,,,
E14001173,0.140055987,0.048711982,0.54161003,0.090370009,0.020606066,0,0.158645925,0,City of Durham,lab,,,,,,,,,,,
E14001174,0.378201162,0.065963749,0.240457404,0.057834714,0.0260851,0,0.231457871,0,Clacton,con,,,,,,,,,,,
E14001175,0.136273107,0.075943013,0.490961207,0.136532433,0.1000601,0,0.06023014,0,Clapham and Brixton Hill,lab,,,,,,,,,,,
E14001176,0.274692038,0.05186407,0.402616035,0.126896163,0.009063236,0,0.134868456,0,Colchester,lab,,,,,,,,,,,
E14001177,0.252330939,0.076897102,0.394238144,0.064869091,0.015274492,0,0.196390233,0,Colne Valley,lab,,,,,,,,,,,
E14001178,0.349229175,0.054851871,0.346167895,0.123062945,0.01255626,0,0.114131855,0,Congleton,con,,,,,,,,,,,
E14001179,0.229044616,0.043219641,0.497044541,0.064432563,0.004203191,0,0.162055449,0,Corby and East Northamptonshire,lab,,,,,,,,,,,
E14001180,0.153537577,0.071619662,0.521676581,0.047067494,0.010464308,0,0.195634379,0,Coventry East,lab,,,,,,,,,,,
E14001181,0.197204922,0.052541823,0.52687255,0.04263466,0.016360082,0,0.164385962,0,Coventry North West,lab,,,,,,,,,,,
E14001182,0.17915693,0.045547876,0.547347268,0.053216693,0.01229974,0,0.162431493,0,Coventry South,lab,,,,,,,,,,,
E14001183,0.18488203,0.075016134,0.460979033,0.050603604,0.00968885,0,0.218830348,0,Cramlington and Killingworth,lab,,,,,,,,,,,
E14001184,0.2447544,0.069986198,0.447045483,0.08713332,0.011075939,0,0.140004659,0,Crawley,lab,,,,,,,,,,,
E14001185,0.24457695,0.037608839,0.496570376,0.067195503,0.009348158,0,0.144700175,0,Crewe and Nantwich,lab,,,,,,,,,,,
E14001186,0.167235914,0.040954101,0.623908696,0.053385046,0,0,0.114516243,0,Croydon East,lab,,,,,,,,,,,
E14001187,0.264478094,0.08265308,0.367304668,0.103357569,0.010720458,0,0.171486131,0,Croydon South,lab,,,,,,,,,,,
E14001188,0.132719565,0.085165741,0.642329845,0.064194554,0.021704741,0,0.053885555,0,Croydon West,lab,,,,,,,,,,,
E14001189,0.198228995,0.049844661,0.525798466,0.029308787,0.011713653,0,0.185105438,0,Dagenham and Rainham,lab,,,,,,,,,,,
E14001190,0.251814822,0.101233327,0.476123315,0.033212608,0,0,0.137615927,0,Darlington,lab,,,,,,,,,,,
E14001191,0.291229636,0.048381086,0.460496181,0.044374799,0,0,0.155518297,0,Dartford,lab,,,,,,,,,,,
E14001192,0.274794913,0.065131674,0.34611014,0.075051872,0,0,0.238911402,0,Daventry,lab,,,,,,,,,,,
E14001193,0.18413011,0.043283405,0.575994367,0.040002676,0,0,0.156589443,0,Derby North,lab,,,,,,,,,,,
E14001194,0.171560163,0.049155485,0.540766422,0.05990219,0.017108806,0,0.161506933,0,Derby South,lab,,,,,,,,,,,
E14001195,0.298271306,0.065694994,0.337597391,0.127617403,0.02214869,0,0.148670216,0,Derbyshire Dales,lab,,,,,,,,,,,
E14001196,0.129758467,0.044137969,0.556779616,0.040136477,0.141269013,0,0.087918458,0,Dewsbury and Batley,lab,,,,,,,,,,,
E14001197,0.302812683,0.038399001,0.282740349,0.277606606,0.010641454,0,0.087799907,0,Didcot and Wantage,con,,,,,,,,,,,
E14001198,0.160101693,0.039011302,0.58008255,0.038519937,0.012649969,0,0.169634549,0,Doncaster Central,lab,,,,,,,,,,,
E14001199,0.218445792,0.086917452,0.323499107,0.049117249,0.010351506,0,0.311668894,0,Doncaster East and the Isle of Axholme,lab,,,,,,,,,,,
E14001200,0.223058403,0.044652893,0.661873805,0.050688323,0.019726576,0,0,0,Doncaster North,lab,,,,,,,,,,,
E14001201,0.29775659,0.066953909,0.164379449,0.355255848,0,0,0.115654205,0,Dorking and Horley,ld,,,,,,,,,,,
E14001202,0.264095031,0.048568104,0.5212336,0.041010678,0.008747474,0,0.116345113,0,Dover and Deal,lab,,,,,,,,,,,
E14001203,0.336578839,0.071590812,0.362172265,0.070564162,0.01089536,0,0.148198561,0,Droitwich and Evesham,lab,,,,,,,,,,,
E14001204,0.287582134,0.074727221,0.385588903,0.061887823,0.008117025,0,0.182096894,0,Dudley,lab,,,,,,,,,,,
E14001205,0.086321622,0.136655819,0.677298328,0.03023788,0.026182631,0,0.043303719,0,Dulwich and West Norwood,lab,,,,,,,,,,,
E14001206,0.270644006,0.061881873,0.410549775,0.072257753,0.00735572,0,0.177310873,0,Dunstable and Leighton Buzzard,lab,,,,,,,,,,,
E14001207,0.147324677,0.066566666,0.556435477,0.12839819,0.024936854,0,0.076338136,0,Ealing Central and Acton,lab,,,,,,,,,,,
E14001208,0.176428015,0.056770509,0.564436588,0.063220731,0.077292205,0,0.061851952,0,Ealing North,lab,,,,,,,,,,,
E14001209,0.14740564,0.129245813,0.549098461,0.077121175,0.019351068,0,0.077777843,0,Ealing Southall,lab,,,,,,,,,,,
E14001210,0.300102113,0.062389285,0.433764537,0.183606063,0.020138002,0,0,0,Earley and Woodley,lab,,,,,,,,,,,
E14001211,0.111028412,0.030760029,0.460401187,0.030716496,0.141894688,0,0.225199188,0,Easington,lab,,,,,,,,,,,
E14001212,0.400010779,0.060337615,0.27093766,0.25998517,0.008728776,0,0,0,East Grinstead and Uckfield,con,,,,,,,,,,,
E14001213,0.107588287,0.057396728,0.659778585,0.052593617,0.062879527,0,0.059763256,0,East Ham,lab,,,,,,,,,,,
E14001214,0.309032529,0.051079301,0.218112479,0.329617379,0.0079748,0,0.084183512,0,East Hampshire,ld,,,,,,,,,,,
E14001215,0.347377194,0.055068975,0.245042558,0.179372276,0.020627509,0,0.152511488,0,East Surrey,con,,,,,,,,,,,
E14001216,0.247936481,0.053867519,0.474610104,0.050990613,0.006874566,0,0.165720716,0,East Thanet,lab,,,,,,,,,,,
E14001217,0.309342647,0.059366904,0.295862366,0.174767866,0.008971874,0,0.151688343,0,East Wiltshire,con,,,,,,,,,,,
E14001218,0.224375474,0.044235141,0.585954591,0.058288182,0.006421234,0,0.080725378,0,East Worthing and Shoreham,lab,,,,,,,,,,,
E14001219,0.229717167,0.021323788,0.1038071,0.518166754,0.014306536,0,0.112678656,0,Eastbourne,ld,,,,,,,,,,,
E14001220,0.29175411,0.037248052,0.226138651,0.330197506,0.006873894,0,0.107787787,0,Eastleigh,ld,,,,,,,,,,,
E14001221,0.163228475,0.042074442,0.631555133,0.085795262,0.019304383,0,0.058042306,0,Edmonton and Winchmore Hill,lab,,,,,,,,,,,
E14001222,0.116842692,0.033061502,0.668369541,0.055400104,0.007303091,0,0.11902307,0,Ellesmere Port and Bromborough,lab,,,,,,,,,,,
E14001223,0.204997424,0.054392019,0.57835045,0.047009342,0.01402079,0,0.101229975,0,Eltham and Chislehurst,lab,,,,,,,,,,,
E14001224,0.310244832,0.039657784,0.230394793,0.255982217,0.011327631,0,0.152392744,0,Ely and East Cambridgeshire,con,,,,,,,,,,,
E14001225,0.179539637,0.054270291,0.580016794,0.059052648,0.051531566,0,0.075589064,0,Enfield North,lab,,,,,,,,,,,
E14001226,0.381664179,0.047984638,0.370706137,0.112462685,0.08718236,0,0,0,Epping Forest,con,,,,,,,,,,,
E14001227,0.302204451,0.036088739,0.237522061,0.298920762,0.03349997,0,0.091764017,0,Epsom and Ewell,con,,,,,,,,,,,
E14001228,0.248075277,0.03813255,0.477678003,0.041449964,0.008555649,0,0.186108557,0,Erewash,lab,,,,,,,,,,,
E14001229,0.132050555,0.062558102,0.636847078,0.065606557,0.013554094,0,0.089383615,0,Erith and Thamesmead,lab,,,,,,,,,,,
E14001230,0.243140874,0.02197169,0.150757694,0.444509215,0.006577305,0,0.133043223,0,Esher and Walton,ld,,,,,,,,,,,
E14001231,0.129829546,0.109759923,0.549044632,0.028384431,0.010956863,0,0.172024605,0,Exeter,lab,,,,,,,,,,,
E14001232,0.252107613,0.050697563,0.314839063,0.066884873,0.122449854,0,0.193021034,0,Exmouth and Exeter East,lab,,,,,,,,,,,
E14001233,0.333882423,0.044306285,0.321240832,0.173936304,0.003763412,0,0.122870743,0,Fareham and Waterlooville,con,,,,,,,,,,,
E14001234,0.296418874,0.035016582,0.141838891,0.342295094,0.006526948,0,0.177903612,0,Farnham and Bordon,ld,,,,,,,,,,,
E14001235,0.290274449,0.049817948,0.344496264,0.100899553,0.007899748,0,0.206612038,0,Faversham and Mid Kent,lab,,,,,,,,,,,
E14001236,0.172140755,0.053297385,0.570155925,0.059848869,0.036756239,0,0.107800827,0,Feltham and Heston,lab,,,,,,,,,,,
E14001237,0.219093839,0.0843233,0.549758208,0.051435148,0,0,0.095389505,0,Filton and Bradley Stoke,lab,,,,,,,,,,,
E14001238,0.251263503,0.102558964,0.328404386,0.249410742,0.010209304,0,0.058153101,0,Finchley and Golders Green,lab,,,,,,,,,,,
E14001239,0.263999238,0.066801333,0.397362652,0.067056291,0.01020017,0,0.194580317,0,Folkestone and Hythe,lab,,,,,,,,,,,
E14001240,0.196442265,0.077881457,0.369081271,0.018410774,0.03231165,0,0.305872583,0,Forest of Dean,lab,,,,,,,,,,,
E14001241,0.230991044,0.064957479,0.228629067,0.345637296,0.019694685,0,0.11009043,0,Frome and East Somerset,ld,,,,,,,,,,,
E14001242,0.284239055,0.041471489,0.460061833,0.054686145,0.02634728,0,0.133194198,0,Fylde,lab,,,,,,,,,,,
E14001243,0.283530652,0.037163299,0.317078874,0.069143146,0.011172844,0,0.281911185,0,Gainsborough,lab,,,,,,,,,,,
E14001244,0.176621921,0.115331437,0.475505183,0.08617951,0.010967223,0,0.135394726,0,Gateshead Central and Whickham,lab,,,,,,,,,,,
E14001245,0.190837696,0.038497074,0.563180915,0.036011423,0.00725749,0,0.164215403,0,Gedling,lab,,,,,,,,,,,
E14001246,0.274398431,0.040323848,0.467249783,0.047724706,0.012236404,0,0.158066827,0,Gillingham and Rainham,lab,,,,,,,,,,,
E14001247,0.244723031,0.048936934,0.14743605,0.418978555,0,0,0.13992543,0,Glastonbury and Somerton,ld,,,,,,,,,,,
E14001248,0.228855217,0.056717361,0.504709381,0.048536564,0.008805956,0,0.15237552,0,Gloucester,lab,,,,,,,,,,,
E14001249,0.303931959,0.036651843,0.176275609,0.379220577,0.009412929,0,0.094507084,0,Godalming and Ash,ld,,,,,,,,,,,
E14001250,0.287766093,0.050337086,0.355150395,0.057868696,0.013922689,0,0.234955041,0,Goole and Pocklington,lab,,,,,,,,,,,
E14001251,0.103000173,0.041211434,0.699674725,0.045203376,0.019669689,0,0.091240603,0,Gorton and Denton,lab,,,,,,,,,,,
E14001252,0.31221913,0.049753033,0.29116764,0.123073869,0.006982589,0,0.216803739,0,Gosport,con,,,,,,,,,,,
E14001253,0.307914183,0.058892297,0.372337667,0.056745168,0.009433799,0,0.194676885,0,Grantham and Bourne,lab,,,,,,,,,,,
E14001254,0.343713416,0.057284135,0.409769882,0.045850512,0,0,0.143382055,0,Gravesham,lab,,,,,,,,,,,
E14001255,0.23041703,0.064187134,0.38917719,0.068736947,0.025451554,0,0.222030145,0,Great Grimsby and Cleethorpes,lab,,,,,,,,,,,
E14001256,0.282980942,0.076038995,0.325843659,0.035248356,0.010655848,0,0.269232199,0,Great Yarmouth,lab,,,,,,,,,,,
E14001257,0.127819551,0.060485791,0.624825458,0.099061737,0.017454164,0,0.070353299,0,Greenwich and Woolwich,lab,,,,,,,,,,,
E14001258,0.246974788,0.051631997,0.348369981,0.252683636,0.015706614,0,0.084632984,0,Guildford,lab,,,,,,,,,,,
E14001259,0.083299451,0.098870361,0.659944203,0.050022574,0.034712261,0,0.07315115,0,Hackney North and Stoke Newington,lab,,,,,,,,,,,
E14001260,0.078161515,0.067072891,0.709492584,0.051732123,0.036857726,0,0.056683161,0,Hackney South and Shoreditch,lab,,,,,,,,,,,
E14001261,0.263097144,0.071867693,0.436915366,0.032264657,0,0,0.195855141,0,Halesowen,lab,,,,,,,,,,,
E14001262,0.191552088,0.069901946,0.496610787,0.050929651,0.026376814,0,0.164628714,0,Halifax,lab,,,,,,,,,,,
E14001263,0.363817194,0.066703467,0.225470986,0.18220678,0.00668341,0,0.155118162,0,Hamble Valley,con,,,,,,,,,,,
E14001264,0.13462466,0.039483848,0.487392528,0.093675653,0.173079981,0,0.07174333,0,Hammersmith and Chiswick,lab,,,,,,,,,,,
E14001265,0.152709987,0.083310655,0.485145334,0.207798813,0.011465091,0,0.059570119,0,Hampstead and Highgate,lab,,,,,,,,,,,
E14001266,0.279221196,0.053773525,0.354891404,0.118637436,0.019675004,0,0.173801435,0,"Harborough, Oadby and Wigston",lab,,,,,,,,,,,
E14001267,0.31613141,0.048031927,0.421192418,0.050635302,0.008174043,0,0.1558349,0,Harlow,lab,,,,,,,,,,,
E14001268,0.329305817,0.032490453,0.344427389,0.18611965,0.022991997,0,0.084664695,0,Harpenden and Berkhamsted,lab,,,,,,,,,,,
E14001269,0.236725969,0.024365662,0.193013134,0.460774312,0.010670853,0,0.07445007,0,Harrogate and Knaresborough,ld,,,,,,,,,,,
E14001270,0.310954108,0.050699031,0.436145742,0.074634544,0.017466746,0,0.110099829,0,Harrow East,lab,,,,,,,,,,,
E14001271,0.216896595,0.077059863,0.451670362,0.116857546,0.038792362,0,0.098723272,0,Harrow West,lab,,,,,,,,,,,
E14001272,0.139373053,0.034485718,0.484587268,0.049723856,0.01126707,0,0.280563035,0,Hartlepool,lab,,,,,,,,,,,
E14001273,0.33345577,0.108266712,0.382487976,0.071711661,0,0,0.10407788,0,Harwich and North Essex,lab,,,,,,,,,,,
E14001274,0.252596113,0.044864648,0.516572972,0.054625533,0.009848201,0,0.121492534,0,Hastings and Rye,lab,,,,,,,,,,,
E14001275,0.297098337,0.051320107,0.288230299,0.177717158,0.00790277,0,0.177731329,0,Havant,con,,,,,,,,,,,
E14001276,0.185676125,0.072775217,0.547714062,0.040145488,0.028412055,0,0.125277053,0,Hayes and Harlington,lab,,,,,,,,,,,
E14001277,0.241639034,0.022072131,0.234342356,0.40302789,0.006722226,0,0.092196363,0,Hazel Grove,ld,,,,,,,,,,,
E14001278,0.276878041,0.047413716,0.503228808,0.068353797,0,0,0.104125638,0,Hemel Hempstead,lab,,,,,,,,,,,
E14001279,0.212500361,0.034477532,0.586092643,0.089510442,0.013650854,0,0.063768168,0,Hendon,lab,,,,,,,,,,,
E14001280,0.289203438,0.047652641,0.168836416,0.391374377,0.006390129,0,0.096542999,0,Henley and Thame,ld,,,,,,,,,,,
E14001281,0.314930164,0.06294425,0.370778383,0.087300441,0.007622247,0,0.156424515,0,Hereford and South Herefordshire,lab,,,,,,,,,,,
E14001282,0.346263737,0.068905202,0.363581354,0.09682294,0,0,0.124426767,0,Herne Bay and Sandwich,lab,,,,,,,,,,,
E14001283,0.248265892,0.081534357,0.408807561,0.096348177,0.007995708,0,0.157048305,0,Hertford and Stortford,lab,,,,,,,,,,,
E14001284,0.352424421,0.04060864,0.358393351,0.107421671,0.010277539,0,0.130874377,0,Hertsmere,lab,,,,,,,,,,,
E14001285,0.371489409,0.058986024,0.478658168,0.078662352,0.012204046,0,0,0,Hexham,lab,,,,,,,,,,,
E14001286,0.178836313,0,0.52197578,0.092363951,0.067381617,0,0.139442339,0,Heywood and Middleton North,lab,,,,,,,,,,,
E14001287,0.215190513,0.049719725,0.556064878,0.036006118,0,0,0.143018766,0,High Peak,lab,,,,,,,,,,,
E14001288,0.303065669,0.048724039,0.256614092,0.158220262,0.007817496,0,0.225558442,0,Hinckley and Bosworth,con,,,,,,,,,,,
E14001289,0.210108671,0.032140392,0.351003005,0.253595778,0.009736489,0,0.143415664,0,Hitchin,lab,,,,,,,,,,,
E14001290,0.111118409,0.100136645,0.564932117,0.096574124,0.042841614,0,0.084397091,0,Holborn and St Pancras,lab,,,,,,,,,,,
E14001291,0.25702272,0.037888318,0.153872477,0.32907404,0.047263567,0,0.174878878,0,Honiton and Sidmouth,ld,,,,,,,,,,,
E14001292,0.312960072,0.065283237,0.349862744,0.060630114,0.008909952,0,0.202353882,0,Hornchurch and Upminster,lab,,,,,,,,,,,
E14001293,0.093999671,0.100962791,0.527707524,0.184711802,0.013805358,0,0.078812853,0,Hornsey and Friern Barnet,lab,,,,,,,,,,,
E14001294,0.308686338,0.040997675,0.214692031,0.327078213,0.007166926,0,0.101378817,0,Horsham,ld,,,,,,,,,,,
E14001295,0.149329685,0.056643834,0.565782234,0.033289849,0,0,0.194954398,0,Houghton and Sunderland South,lab,,,,,,,,,,,
E14001296,0.148486065,0.073485458,0.650322823,0.047330345,0.00827216,0,0.072103149,0,Hove and Portslade,lab,,,,,,,,,,,
E14001297,0.168852804,0.079595739,0.530818589,0.084895134,0,0,0.135837735,0,Huddersfield,lab,,,,,,,,,,,
E14001298,0.293458673,0.046979518,0.450491087,0.100111276,0.011776962,0,0.097182483,0,Huntingdon,lab,,,,,,,,,,,
E14001299,0.213206475,0.036144189,0.553115109,0.029158396,0,0,0.168375831,0,Hyndburn,lab,,,,,,,,,,,
E14001300,0.186550363,0.059146716,0.545591457,0.038722842,0.06624494,0,0.103743682,0,Ilford North,lab,,,,,,,,,,,
E14001301,0.135445718,0.074585799,0.584393351,0.042921323,0.084930886,0,0.077722924,0,Ilford South,lab,,,,,,,,,,,
E14001302,0.246192631,0.077735719,0.447712677,0.039231589,0.010766399,0,0.178360984,0,Ipswich,lab,,,,,,,,,,,
E14001303,0.285785534,0.121315804,0.378116591,0.029907447,0.011920662,0,0.172953962,0,Isle of Wight East,lab,,,,,,,,,,,
E14001304,0.191322577,0.190275206,0.21955575,0.030427517,0.009879389,0,0.358539562,0,Isle of Wight West,ref,,,,,,,,,,,
E14001305,0.07936602,0.095156551,0.497876827,0.10249059,0.188491978,0,0.036618034,0,Islington North,lab,,,,,,,,,,,
E14001306,0.12056694,0.072446294,0.522135265,0.181104164,0.016459823,0,0.087287514,0,Islington South and Finsbury,lab,,,,,,,,,,,
E14001307,0.118930887,0.067220711,0.526604711,0.047691956,0.020221331,0,0.219330404,0,Jarrow and Gateshead East,lab,,,,,,,,,,,
E14001308,0.242402921,0.063485942,0.470386437,0.058869804,0.035773263,0,0.129081633,0,Keighley and Ilkley,lab,,,,,,,,,,,
E14001309,0.29223541,0.093034769,0.31431749,0.108734485,0.010190825,0,0.181487021,0,Kenilworth and Southam,lab,,,,,,,,,,,
E14001310,0.194537567,0.061442923,0.493289964,0.171701235,0.01215783,0,0.066870481,0,Kensington and Bayswater,lab,,,,,,,,,,,
E14001311,0.249806604,0.043894225,0.459664163,0.042661997,0.012039082,0,0.19193393,0,Kettering,lab,,,,,,,,,,,
E14001312,0.172152059,0.03705661,0.154388619,0.53607296,0.009883573,0,0.09044618,0,Kingston and Surbiton,ld,,,,,,,,,,,
E14001313,0.152968685,0.053543239,0.459563634,0.070960118,0,0,0.262964323,0,Kingston upon Hull East,lab,,,,,,,,,,,
E14001314,0.141240656,0.051848379,0.511107743,0.061055185,0.005624289,0,0.229123748,0,Kingston upon Hull North and Cottingham,lab,,,,,,,,,,,
E14001315,0.174353636,0.034560534,0.536327819,0.047486383,0.007366918,0,0.19990471,0,Kingston upon Hull West and Haltemprice,lab,,,,,,,,,,,
E14001316,0.353717206,0.052609512,0.344068144,0.055487313,0.007549801,0,0.186568025,0,Kingswinford and South Staffordshire,con,,,,,,,,,,,
E14001317,0.046676116,0.030604486,0.794186032,0.019492639,0.007514804,0,0.101525923,0,Knowsley,lab,,,,,,,,,,,
E14001318,0.214081731,0.087358767,0.511455652,0.032558432,0,0,0.154545419,0,Lancaster and Wyre,lab,,,,,,,,,,,
E14001319,0.108057441,0.102854492,0.578180107,0.115217531,0.011303122,0,0.084387306,0,Leeds Central and Headingley,lab,,,,,,,,,,,
E14001320,0.202727649,0.06089885,0.521681728,0.043420857,0.017662097,0,0.153608819,0,Leeds East,lab,,,,,,,,,,,
E14001321,0.11931072,0.086793557,0.582358019,0.064284491,0.015770183,0,0.131483029,0,Leeds North East,lab,,,,,,,,,,,
E14001322,0.207136364,0.037342768,0.540133811,0.090634498,0.012104749,0,0.112647811,0,Leeds North West,lab,,,,,,,,,,,
E14001323,0.169127119,0.105962048,0.593447747,0.095751417,0.035711669,0,0,0,Leeds South,lab,,,,,,,,,,,
E14001324,0.253759619,0.065926701,0.453214119,0.04419796,0.014414707,0,0.168486894,0,Leeds South West and Morley,lab,,,,,,,,,,,
E14001325,0.183405066,0.053487511,0.515441608,0.041561759,0.023346093,0,0.182757962,0,Leeds West and Pudsey,lab,,,,,,,,,,,
E14001326,0.177783675,0.0696117,0.530738592,0.039676998,0.103717726,0,0.078471308,0,Leicester East,lab,,,,,,,,,,,
E14001327,0.122287649,0.100102389,0.553355718,0.052506796,0.085099108,0,0.086648339,0,Leicester South,lab,,,,,,,,,,,
E14001328,0.187085127,0.091140721,0.499270191,0.067071833,0.015597913,0,0.139834216,0,Leicester West,lab,,,,,,,,,,,
E14001329,0.188833459,0.021405327,0.599031989,0.034128796,0.012085187,0,0.144515241,0,Leigh and Atherton,lab,,,,,,,,,,,
E14001330,0.268757086,0.050704005,0.14157299,0.439320566,0.005798538,0,0.093846816,0,Lewes,ld,,,,,,,,,,,
E14001331,0.118070436,0.085356168,0.607970968,0.065411423,0.036178523,0,0.087012482,0,Lewisham East,lab,,,,,,,,,,,
E14001332,0.087769794,0.146120953,0.614268273,0.076528507,0.025051638,0,0.050260835,0,Lewisham North,lab,,,,,,,,,,,
E14001333,0.078651229,0.068556832,0.755128936,0.042104942,0.009909934,0,0.045648128,0,Lewisham West and East Dulwich,lab,,,,,,,,,,,
E14001334,0.104819435,0.051905375,0.577417499,0.092121902,0.120241727,0,0.053494062,0,Leyton and Wanstead,lab,,,,,,,,,,,
E14001335,0.290022205,0.056808407,0.424128165,0.051766794,0.008098862,0,0.169175565,0,Lichfield,lab,,,,,,,,,,,
E14001336,0.216810518,0.075086446,0.507599578,0.046580174,0.009394679,0,0.144528605,0,Lincoln,lab,,,,,,,,,,,
E14001337,0.067098642,0.035038272,0.74690797,0.06960617,0.006089778,0,0.075259169,0,Liverpool Garston,lab,,,,,,,,,,,
E14001338,0.047815366,0.033852055,0.835382044,0.020270196,0.007959767,0,0.054720572,0,Liverpool Riverside,lab,,,,,,,,,,,
E14001339,0.054735292,0.031027023,0.807544056,0.020586583,0.010195087,0,0.075911959,0,Liverpool Walton,lab,,,,,,,,,,,
E14001340,0.063188098,0.065142763,0.739587327,0.048303938,0.009817318,0,0.073960556,0,Liverpool Wavertree,lab,,,,,,,,,,,
E14001341,0.056890485,0.045978018,0.695755079,0.035477233,0.022440754,0,0.143458431,0,Liverpool West Derby,lab,,,,,,,,,,,
E14001342,0.232667465,0.05661113,0.529836391,0.058132627,0,0,0.122752388,0,Loughborough,lab,,,,,,,,,,,
E14001343,0.349330674,0.03114161,0.404182591,0.048204914,0.009810173,0,0.157330038,0,Louth and Horncastle,lab,,,,,,,,,,,
E14001344,0.329558087,0.102331913,0.337398765,0.086135595,0,0,0.144575639,0,Lowestoft,lab,,,,,,,,,,,
E14001345,0.182380612,0.081935933,0.582512238,0.039047818,0.018655568,0,0.095467832,0,Luton North,lab,,,,,,,,,,,
E14001346,0.195887794,0.107372576,0.521327297,0.033713768,0.039877067,0,0.101821497,0,Luton South and South Bedfordshire,lab,,,,,,,,,,,
E14001347,0.216728594,0.037515325,0.516863233,0.057339445,0.006544778,0,0.165008625,0,Macclesfield,lab,,,,,,,,,,,
E14001348,0.359268003,0.049479716,0.20990538,0.346202138,0.035144763,0,0,0,Maidenhead,con,,,,,,,,,,,
E14001349,0.294191809,0.057642777,0.253055606,0.194168826,0.011792189,0,0.189148791,0,Maidstone and Malling,con,,,,,,,,,,,
E14001350,0.147097918,0.031190007,0.606004987,0.03467063,0.018504746,0,0.162531712,0,Makerfield,lab,,,,,,,,,,,
E14001351,0.383083047,0.048778346,0.277170112,0.11920729,0,0,0.171761205,0,Maldon,con,,,,,,,,,,,
E14001352,0.104029504,0.063058186,0.640251893,0.053072646,0.023287868,0,0.116299902,0,Manchester Central,lab,,,,,,,,,,,
E14001353,0.068398044,0.062911481,0.781111265,0,0.023752797,0,0.063826412,0,Manchester Rusholme,lab,,,,,,,,,,,
E14001354,0.075028879,0.072786948,0.644426405,0.142220809,0.010912457,0,0.054624501,0,Manchester Withington,lab,,,,,,,,,,,
E14001355,0.280642318,0.032185602,0.429149616,0.035933599,0.007604794,0,0.214484071,0,Mansfield,lab,,,,,,,,,,,
E14001356,0.347855288,0.069155073,0.216101339,0.286227757,0,0,0.080660543,0,Melksham and Devizes,con,,,,,,,,,,,
E14001357,0.29749292,0.076618124,0.385415275,0.056760955,0.007942223,0,0.175770503,0,Melton and Syston,lab,,,,,,,,,,,
E14001358,0.271112896,0.083043916,0.294263228,0.112569097,0,0,0.239010863,0,Meriden and Solihull East,lab,,,,,,,,,,,
E14001359,0.335184856,0.056747416,0.350459172,0.12709987,0.014083347,0,0.116425339,0,Mid Bedfordshire,lab,,,,,,,,,,,
E14001360,0.337780105,0.096439018,0.26054729,0.200011525,0.007574134,0,0.097647928,0,Mid Buckinghamshire,con,,,,,,,,,,,
E14001361,0.189055619,0.034453829,0.482594392,0.072646802,0.006779992,0,0.214469366,0,Mid Cheshire,lab,,,,,,,,,,,
E14001362,0.243964498,0.057167889,0.400226993,0.059342635,0.006667006,0,0.232630979,0,Mid Derbyshire,lab,,,,,,,,,,,
E14001363,0.389150316,0.048488227,0.196784454,0.355343149,0.010233854,0,0,0,Mid Dorset and North Poole,con,,,,,,,,,,,
E14001364,0.336629675,0.099104823,0.344470929,0.068277012,0,0,0.151517561,0,Mid Leicestershire,lab,,,,,,,,,,,
E14001365,0.310954997,0.037112147,0.34273247,0.068911519,0,0,0.240288866,0,Mid Norfolk,lab,,,,,,,,,,,
E14001366,0.316897381,0.104304218,0.271815085,0.220112267,0.008237,0,0.078634048,0,Mid Sussex,con,,,,,,,,,,,
E14001367,0.123290019,0.052573663,0.549064711,0.047034015,0.026960214,0,0.201077378,0,Middlesbrough and Thornaby East,lab,,,,,,,,,,,
E14001368,0.343753977,0.044330613,0.558421819,0.042926177,0.010567415,0,0,0,Middlesbrough South and East Cleveland,lab,,,,,,,,,,,
E14001369,0.245823068,0.066059631,0.471746703,0.088471079,0.013463908,0,0.11443561,0,Milton Keynes Central,lab,,,,,,,,,,,
E14001370,0.277481667,0.062314407,0.454813233,0.082521893,0,0,0.1228688,0,Milton Keynes North,lab,,,,,,,,,,,
E14001371,0.131720892,0.082083769,0.543422622,0.086187197,0.022973518,0,0.133612001,0,Mitcham and Morden,lab,,,,,,,,,,,
E14001372,0.258315683,0.033988285,0.417610785,0.127554426,0,0,0.162530821,0,Morecambe and Lunesdale,lab,,,,,,,,,,,
E14001373,0.332276657,0.067979751,0.260760444,0.142936898,0.008369213,0,0.187677037,0,New Forest East,con,,,,,,,,,,,
E14001374,0.382615872,0.079940951,0.280271408,0.119821349,0.00710617,0,0.13024425,0,New Forest West,con,,,,,,,,,,,
E14001375,0.278986411,0.07829289,0.256679076,0.075313871,0.010026499,0,0.300701253,0,Newark,ref,,,,,,,,,,,
E14001376,0.294919372,0.055529159,0.168914631,0.381061883,0.007626967,0,0.091947987,0,Newbury,ld,,,,,,,,,,,
E14001377,0.1309106,0.077865446,0.578211057,0.031522039,0.024091731,0,0.157399127,0,Newcastle upon Tyne Central and West,lab,,,,,,,,,,,
E14001378,0.100495424,0.065702235,0.632430312,0.043174021,0.009997247,0,0.148200761,0,Newcastle upon Tyne East and Wallsend,lab,,,,,,,,,,,
E14001379,0.144647613,0.085488746,0.520927314,0.070844004,0.009545733,0,0.16854659,0,Newcastle upon Tyne North,lab,,,,,,,,,,,
E14001380,0.247558837,0.068365655,0.471943935,0.052779528,0,0,0.159352045,0,Newcastle-under-Lyme,lab,,,,,,,,,,,
E14001381,0.30263551,0.056555203,0.300515516,0.201872726,0.020067125,0,0.11835392,0,Newton Abbot,con,,,,,,,,,,,
E14001382,0.159091093,0.035255249,0.480572014,0.034377071,0.008439619,0,0.282264953,0,Newton Aycliffe and Spennymoor,lab,,,,,,,,,,,
E14001383,0.155536811,0.049600183,0.525231785,0.051050787,0,0,0.218580433,0,Normanton and Hemsworth,lab,,,,,,,,,,,
E14001384,0.35163213,0.087978219,0.312183135,0.121670112,0,0,0.126536405,0,North Bedfordshire,con,,,,,,,,,,,
E14001385,0.270151883,0.042351937,0.186662967,0.282672302,0.009335804,0,0.208825108,0,North Cornwall,ld,,,,,,,,,,,
E14001386,0.337954059,0.08849689,0.257707042,0.200545862,0.017215268,0,0.098080879,0,North Cotswolds,con,,,,,,,,,,,
E14001387,0.337167396,0.050430833,0.246276358,0.264871024,0.011512701,0,0.089741687,0,North Devon,con,,,,,,,,,,,
E14001388,0.36153908,0.065951928,0.263380696,0.162532333,0.007370887,0,0.139225077,0,North Dorset,con,,,,,,,,,,,
E14001389,0.157562047,0.079160057,0.436196716,0.069092962,0.011471966,0,0.246516252,0,North Durham,lab,,,,,,,,,,,
E14001390,0.377480212,0.067332869,0.283374654,0.058684954,0.015707904,0,0.197419407,0,North East Cambridgeshire,con,,,,,,,,,,,
E14001391,0.243405766,0.065575044,0.333142699,0.072831556,0.008195979,0,0.276848955,0,North East Derbyshire,lab,,,,,,,,,,,
E14001392,0.402907149,0.056467241,0.195257457,0.176180625,0.01281582,0,0.156371708,0,North East Hampshire,con,,,,,,,,,,,
E14001393,0.295619898,0.07834385,0.392792645,0.10766472,0,0,0.125578887,0,North East Hertfordshire,lab,,,,,,,,,,,
E14001394,0.281976358,0.046673734,0.420519672,0.106922274,0.027749845,0,0.116158117,0,North East Somerset and Hanham,lab,,,,,,,,,,,
E14001395,0.28099264,0.322265352,0.18851559,0.062392678,0.005825738,0,0.140008002,0,North Herefordshire,green,,,,,,,,,,,
E14001396,0.358552415,0.034303269,0.185670808,0.282840425,0,0,0.138633082,0,North Norfolk,con,,,,,,,,,,,
E14001397,0.225149223,0.04330545,0.3825614,0.078346386,0.037103043,0,0.233534498,0,North Northumberland,lab,,,,,,,,,,,
E14001398,0.192028345,0.043027911,0.173279412,0.433930209,0.009093507,0,0.148640616,0,North Shropshire,ld,,,,,,,,,,,
E14001399,0.233606223,0.05534702,0.374049653,0.121743368,0.008616219,0,0.206637517,0,North Somerset,lab,,,,,,,,,,,
E14001400,0.343734666,0.06741514,0.42118776,0.040313747,0,0,0.127348687,0,North Warwickshire and Bedworth,lab,,,,,,,,,,,
E14001401,0.295924316,0.074499194,0.384378582,0.086566775,0,0,0.158631133,0,North West Cambridgeshire,lab,,,,,,,,,,,
E14001402,0.380482225,0.066224858,0.251081438,0.164662099,0.007182452,0,0.130366928,0,North West Essex,con,,,,,,,,,,,
E14001403,0.309743668,0.062798885,0.313945911,0.127715687,0.007580399,0,0.178215451,0,North West Hampshire,lab,,,,,,,,,,,
E14001404,0.24558194,0.054087919,0.438561329,0.034607435,0.008377755,0,0.218783623,0,North West Leicestershire,lab,,,,,,,,,,,
E14001405,0.375472097,0.054215028,0.347089674,0.086029417,0,0,0.137193783,0,North West Norfolk,con,,,,,,,,,,,
E14001406,0.1950446,0.061912679,0.461023726,0.050905217,0.036974945,0,0.194138834,0,Northampton North,lab,,,,,,,,,,,
E14001407,0.254595117,0.110816926,0.409032387,0.047878198,0.011182011,0,0.166495361,0,Northampton South,lab,,,,,,,,,,,
E14001408,0.25662989,0.05683961,0.489130479,0.046986396,0.008812445,0,0.14160118,0,Norwich North,lab,,,,,,,,,,,
E14001409,0.162976087,0.086743687,0.571981311,0.07915838,0.010318185,0,0.088822349,0,Norwich South,lab,,,,,,,,,,,
E14001410,0.1153223,0.09766097,0.577735427,0.067441292,0.039015141,0,0.10282487,0,Nottingham East,lab,,,,,,,,,,,
E14001411,0.184584862,0.049994119,0.578323985,0.037820087,0,0,0.149276947,0,Nottingham North and Kimberley,lab,,,,,,,,,,,
E14001412,0.133561287,0.138546651,0.518324128,0.041937014,0.037678289,0,0.129952631,0,Nottingham South,lab,,,,,,,,,,,
E14001413,0.251946161,0.100815277,0.449266713,0.031563695,0.007510262,0,0.158897892,0,Nuneaton,lab,,,,,,,,,,,
E14001414,0.319347616,0.062515233,0.419987169,0.071285808,0.011842057,0,0.115022116,0,Old Bexley and Sidcup,lab,,,,,,,,,,,
E14001415,0.171100221,0.036288738,0.483347829,0.052400946,0.043637143,0,0.213225123,0,Oldham East and Saddleworth,lab,,,,,,,,,,,
E14001416,0.137013781,0.028400924,0.655019108,0.031362579,0.03220589,0,0.115997718,0,"Oldham West, Chadderton and Royton",lab,,,,,,,,,,,
E14001417,0.291153564,0.077220684,0.308250358,0.106402732,0.020646613,0,0.196326048,0,Orpington,lab,,,,,,,,,,,
E14001418,0.270517926,0.045125268,0.442791779,0.044360503,0.020447466,0,0.176757057,0,Ossett and Denby Dale,lab,,,,,,,,,,,
E14001419,0.133899734,0.091767511,0.634392887,0.127585802,0.012354066,0,0,0,Oxford East,lab,,,,,,,,,,,
E14001420,0.17417128,0.042040463,0.225314719,0.454831238,0.00651149,0,0.097130809,0,Oxford West and Abingdon,ld,,,,,,,,,,,
E14001421,0.085638872,0.105731621,0.700838981,0.05262593,0.018050941,0,0.037113655,0,Peckham,lab,,,,,,,,,,,
E14001422,0.27392534,0.059804479,0.423341469,0.059590039,0.032380238,0,0.150958436,0,Pendle and Clitheroe,lab,,,,,,,,,,,
E14001423,0.21042964,0.032940187,0.490284772,0.05164268,0,0,0.214702721,0,Penistone and Stocksbridge,lab,,,,,,,,,,,
E14001424,0.25698623,0.03769409,0.449785872,0.085743162,0.010890386,0,0.15890026,0,Penrith and Solway,lab,,,,,,,,,,,
E14001425,0.236915771,0.082380468,0.420291762,0.040052427,0.096741126,0,0.123618446,0,Peterborough,lab,,,,,,,,,,,
E14001426,0.241711279,0.047658574,0.455841242,0.038385276,0,0,0.21640363,0,Plymouth Moor View,lab,,,,,,,,,,,
E14001427,0.170607871,0.055663725,0.570191613,0.050440805,0.009700649,0,0.143395337,0,Plymouth Sutton and Devonport,lab,,,,,,,,,,,
E14001428,0.162456941,0.035095267,0.45980975,0.048750532,0.04898925,0,0.24489826,0,"Pontefract, Castleford and Knottingley",lab,,,,,,,,,,,
E14001429,0.275976983,0.099665843,0.305087281,0.133863755,0.01360868,0,0.171797458,0,Poole,lab,,,,,,,,,,,
E14001430,0.118186068,0.072491902,0.549079585,0.147591908,0.054972682,0,0.057677854,0,Poplar and Limehouse,lab,,,,,,,,,,,
E14001431,0.295738012,0.05587406,0.421886302,0.057898026,0,0,0.1686036,0,Portsmouth North,lab,,,,,,,,,,,
E14001432,0.182543832,0.042350167,0.555392526,0.082173648,0.011853807,0,0.125686021,0,Portsmouth South,lab,,,,,,,,,,,
E14001433,0.147535106,0.043335673,0.580497125,0.056392067,0.044316815,0,0.127923215,0,Preston,lab,,,,,,,,,,,
E14001434,0.166814512,0.040866189,0.604511899,0.114481753,0.017116419,0,0.056209228,0,Putney,lab,,,,,,,,,,,
E14001435,0.1145605,0.068797766,0.562933952,0.175325707,0.019518353,0,0.058863722,0,Queen's Park and Maida Vale,lab,,,,,,,,,,,
E14001436,0.144934762,0.033842571,0.480313226,0.034801001,0.018006239,0,0.288102201,0,Rawmarsh and Conisbrough,lab,,,,,,,,,,,
E14001437,0.336093712,0.044386478,0.327704186,0.049331022,0,0,0.242484602,0,Rayleigh and Wickford,con,,,,,,,,,,,
E14001438,0.153167474,0.045013333,0.681027901,0.040543641,0.007359502,0,0.072888148,0,Reading Central,lab,,,,,,,,,,,
E14001439,0.253537592,0.045174083,0.355539285,0.148575708,0.008804784,0,0.188368548,0,Reading West and Mid Berkshire,lab,,,,,,,,,,,
E14001440,0.214226959,0.038502654,0.451563557,0.057796409,0.041190785,0,0.196719635,0,Redcar,lab,,,,,,,,,,,
E14001441,0.308194406,0.0464964,0.395911571,0.047443322,0.032334525,0,0.169619776,0,Redditch,lab,,,,,,,,,,,
E14001442,0.328427466,0.102577913,0.247617432,0.177724737,0,0,0.143652451,0,Reigate,con,,,,,,,,,,,
E14001443,0.298997563,0.042129381,0.402226828,0.068556724,0.022558256,0,0.165531249,0,Ribble Valley,lab,,,,,,,,,,,
E14001444,0.358350298,0.058397885,0.328107476,0.114464694,0.017498983,0,0.123180665,0,Richmond and Northallerton,con,,,,,,,,,,,
E14001445,0.19730269,0.020110574,0.124446185,0.54449116,0.00535726,0,0.10829213,0,Richmond Park,ld,,,,,,,,,,,
E14001446,0.157777849,0.055544433,0.484149328,0.091341952,0.074366772,0,0.136819664,0,Rochdale,lab,,,,,,,,,,,
E14001447,0.30295577,0.076382275,0.373175898,0.071751741,0.031053604,0,0.144680711,0,Rochester and Strood,lab,,,,,,,,,,,
E14001448,0.321032039,0.064266591,0.337714825,0.057908175,0.0134354,0,0.205642969,0,Romford,lab,,,,,,,,,,,
E14001449,0.345660547,0.060097254,0.212876374,0.263922829,0.008163703,0,0.109279294,0,Romsey and Southampton North,con,,,,,,,,,,,
E14001450,0.251510782,0.035632146,0.517865613,0.038033773,0.007267907,0,0.149689779,0,Rossendale and Darwen,lab,,,,,,,,,,,
E14001451,0.207578495,0.044991218,0.500484204,0.033619789,0,0,0.213326294,0,Rother Valley,lab,,,,,,,,,,,
E14001452,0,0.053711702,0.469559556,0.156214559,0.041372535,0,0.279141648,0,Rotherham,lab,,,,,,,,,,,
E14001453,0.267696937,0.040859864,0.508055961,0.05135606,0.006622878,0,0.125408301,0,Rugby,lab,,,,,,,,,,,
E14001454,0.280660135,0.058150673,0.364637896,0.126276286,0,0,0.170275011,0,"Ruislip, Northwood and Pinner",lab,,,,,,,,,,,
E14001455,0.169731884,0.041522364,0.571071182,0.048797347,0.016542592,0,0.152334632,0,Runcorn and Helsby,lab,,,,,,,,,,,
E14001456,0.299418928,0.04533887,0.283021814,0.237926573,0.014259449,0,0.120034366,0,Runnymede and Weybridge,con,,,,,,,,,,,
E14001457,0.226513063,0.036655136,0.469192983,0.088891687,0.01123673,0,0.167510402,0,Rushcliffe,lab,,,,,,,,,,,
E14001458,0.354611085,0.049196774,0.265923808,0.141535074,0.010839696,0,0.177893563,0,Rutland and Stamford,con,,,,,,,,,,,
E14001459,0.101431602,0.040903025,0.655160819,0.041363938,0.009031939,0,0.152108677,0,Salford,lab,,,,,,,,,,,
E14001460,0.244416692,0.062444188,0.197237421,0.219836802,0.102835103,0,0.173229795,0,Salisbury,con,,,,,,,,,,,
E14001461,0.229252449,0.032078069,0.556824955,0.034559883,0.01269435,0,0.134590294,0,Scarborough and Whitby,lab,,,,,,,,,,,
E14001462,0.229788859,0.040236014,0.450911336,0.074725957,0.008643973,0,0.195693862,0,Scunthorpe,lab,,,,,,,,,,,
E14001463,0.164251648,0.03241276,0.624910468,0.048482556,0.008008825,0,0.121933743,0,Sefton Central,lab,,,,,,,,,,,
E14001464,0.245637873,0.052990705,0.449942827,0.038046079,0,0,0.213382516,0,Selby,lab,,,,,,,,,,,
E14001465,0.357276387,0.05394007,0.194515305,0.244308157,0.009135543,0,0.140824538,0,Sevenoaks,con,,,,,,,,,,,
E14001466,0.180968736,0.114208202,0.59033894,0.088882458,0.025601664,0,0,0,Sheffield Brightside and Hillsborough,lab,,,,,,,,,,,
E14001467,0.093478314,0.161367533,0.634561456,0.068991607,0.041601089,0,0,0,Sheffield Central,lab,,,,,,,,,,,
E14001468,0.15593624,0.054623416,0.353122878,0.405411453,0.030906013,0,0,0,Sheffield Hallam,ld,,,,,,,,,,,
E14001469,0.167288281,0.064074706,0.706449033,0.055936226,0.006251753,0,0,0,Sheffield Heeley,lab,,,,,,,,,,,
E14001470,0.223467077,0.080872249,0.518048801,0.067900142,0.10971173,0,0,0,Sheffield South East,lab,,,,,,,,,,,
E14001471,0.255134165,0.044096815,0.40568301,0.062424311,0.007369159,0,0.22529254,0,Sherwood Forest,lab,,,,,,,,,,,
E14001472,0.226626266,0.073757355,0.456792354,0.052216551,0.027938589,0,0.162668885,0,Shipley,lab,,,,,,,,,,,
E14001473,0.24943975,0.072441694,0.436715934,0.079413395,0.017425531,0,0.144563696,0,Shrewsbury,lab,,,,,,,,,,,
E14001474,0.264702812,0.044522408,0.327601223,0.050953714,0.029574262,0,0.28264558,0,Sittingbourne and Sheppey,lab,,,,,,,,,,,
E14001475,0.267861347,0.051817704,0.428044866,0.10492061,0.011246674,0,0.136108799,0,Skipton and Ripon,lab,,,,,,,,,,,
E14001476,0.312454244,0.052443744,0.326584965,0.061400499,0.02074811,0,0.226368438,0,Sleaford and North Hykeham,lab,,,,,,,,,,,
E14001477,0.178058202,0.100507252,0.513667085,0.089801561,0.021766829,0,0.096199071,0,Slough,lab,,,,,,,,,,,
E14001478,0.132863136,0.048078281,0.603020295,0.030115129,0.046145386,0,0.139777773,0,Smethwick,lab,,,,,,,,,,,
E14001479,0.279266511,0.062870384,0.260004515,0.153215109,0.011332475,0,0.233311005,0,Solihull West and Shirley,con,,,,,,,,,,,
E14001480,0.262765354,0.030088947,0.378529923,0.030760331,0.032301429,0,0.265554015,0,South Basildon and East Thurrock,lab,,,,,,,,,,,
E14001481,0.250877071,0.027362713,0.196537306,0.456387678,0.007672363,0,0.061162868,0,South Cambridgeshire,ld,,,,,,,,,,,
E14001482,0.314096943,0.049567942,0.150846806,0.350007551,0.023434205,0,0.112046552,0,South Cotswolds,ld,,,,,,,,,,,
E14001483,0.234972652,0.051408661,0.390579072,0.040048073,0.008036845,0,0.274954698,0,South Derbyshire,lab,,,,,,,,,,,
E14001484,0.253992235,0.024502638,0.163451395,0.380460344,0.011337163,0,0.166256225,0,South Devon,ld,,,,,,,,,,,
E14001485,0.239815953,0.061168292,0.302279323,0.106345597,0.010901228,0,0.279489606,0,South Dorset,lab,,,,,,,,,,,
E14001486,0.283308491,0.04243365,0.373051984,0.161049292,0.008754023,0,0.131402559,0,South East Cornwall,lab,,,,,,,,,,,
E14001487,0.328400963,0.047264952,0.314816949,0.04603787,0.009374524,0,0.254104741,0,South Holland and The Deepings,con,,,,,,,,,,,
E14001488,0.332617906,0.049779165,0.327892776,0.125308359,0,0,0.164401794,0,South Leicestershire,con,,,,,,,,,,,
E14001489,0.296119322,0.048853889,0.337239472,0.166080827,0.007584903,0,0.144121586,0,South Norfolk,lab,,,,,,,,,,,
E14001490,0.275557721,0.058142106,0.360920736,0.116817573,0.018429758,0,0.170132106,0,South Northamptonshire,lab,,,,,,,,,,,
E14001491,0.241949877,0.041780553,0.449225522,0.07659823,0,0,0.190445817,0,South Ribble,lab,,,,,,,,,,,
E14001492,0.137344069,0.075033348,0.492915381,0.03750307,0.021161029,0,0.236043103,0,South Shields,lab,,,,,,,,,,,
E14001493,0.299745533,0.053335182,0.294543515,0.123367354,0,0,0.229008415,0,South Shropshire,con,,,,,,,,,,,
E14001494,0.285251851,0.058237442,0.247304392,0.114642609,0,0,0.294563706,0,South Suffolk,ref,,,,,,,,,,,
E14001495,0.236804791,0.053490493,0.320577726,0.08427964,0.007921642,0,0.296925709,0,South West Devon,lab,,,,,,,,,,,
E14001496,0.280008746,0.028877418,0.282647094,0.189468453,0.045607861,0,0.173390429,0,South West Hertfordshire,lab,,,,,,,,,,,
E14001497,0.297187239,0.044899204,0.315623412,0.059913349,0.009008596,0,0.273368199,0,South West Norfolk,lab,,,,,,,,,,,
E14001498,0.273942205,0.053253094,0.372238756,0.122313885,0.022598837,0,0.155653222,0,South West Wiltshire,lab,,,,,,,,,,,
E14001499,0.220589655,0.047384137,0.49267974,0.058747453,0.007825866,0,0.172773149,0,Southampton Itchen,lab,,,,,,,,,,,
E14001500,0.184259591,0.077869395,0.486715791,0.113958326,0.013177661,0,0.124019236,0,Southampton Test,lab,,,,,,,,,,,
E14001501,0.255357051,0.028602184,0.387855075,0.06754887,0.013136983,0,0.247499837,0,Southend East and Rochford,lab,,,,,,,,,,,
E14001502,0.310689427,0.038482296,0.369079233,0.087701805,0.019055106,0,0.174992133,0,Southend West and Leigh,lab,,,,,,,,,,,
E14001503,0.151234674,0.049904548,0.548536323,0.137459647,0.048403934,0,0.064460874,0,Southgate and Wood Green,lab,,,,,,,,,,,
E14001504,0.231797894,0.045268594,0.488304094,0.082099647,0.008833363,0,0.143696408,0,Southport,lab,,,,,,,,,,,
E14001505,0.304840356,0.048389509,0.31825046,0.220880344,0.009533794,0,0.098105537,0,Spelthorne,lab,,,,,,,,,,,
E14001506,0.246582038,0.071842943,0.436649145,0.061091113,0.031492025,0,0.152342736,0,Spen Valley,lab,,,,,,,,,,,
E14001507,0.225035971,0.033402341,0.141217432,0.533075078,0.007758114,0,0.059511063,0,St Albans,ld,,,,,,,,,,,
E14001508,0.265663263,0.067313686,0.348400506,0.100934733,0.085400517,0,0.132287295,0,St Austell and Newquay,lab,,,,,,,,,,,
E14001509,0.131452146,0.050112262,0.589686421,0.052202164,0.007080192,0,0.169466815,0,St Helens North,lab,,,,,,,,,,,
E14001510,0.095074679,0.038239592,0.669184009,0.039862118,0.006679082,0,0.150960519,0,St Helens South and Whiston,lab,,,,,,,,,,,
E14001511,0.269774365,0.035314302,0.202116845,0.366823838,0.009411634,0,0.116559016,0,St Ives,ld,,,,,,,,,,,
E14001512,0.282994687,0.038115541,0.305541722,0.221601222,0.008964792,0,0.142782037,0,St Neots and Mid Cambridgeshire,lab,,,,,,,,,,,
E14001513,0.259564149,0.106328637,0.466339785,0.039692115,0.007369,0,0.120706313,0,Stafford,lab,,,,,,,,,,,
E14001514,0.283524443,0.045983341,0.46259445,0.035065704,0,0,0.172832062,0,Staffordshire Moorlands,lab,,,,,,,,,,,
E14001515,0.153869031,0.033827313,0.603598769,0.032057008,0.016843582,0,0.159804297,0,Stalybridge and Hyde,lab,,,,,,,,,,,
E14001516,0.233882946,0.036562347,0.414985283,0.057348652,0.036915672,0,0.220305101,0,Stevenage,lab,,,,,,,,,,,
E14001517,0.123009756,0.041550129,0.627414965,0.056843177,0.00825425,0,0.142927723,0,Stockport,lab,,,,,,,,,,,
E14001518,0.162538544,0.041622191,0.576836334,0.029392561,0,0,0.18961037,0,Stockton North,lab,,,,,,,,,,,
E14001519,0.264534753,0.043666135,0.384398219,0.079270749,0.009934612,0,0.218195531,0,Stockton West,lab,,,,,,,,,,,
E14001520,0.16961751,0.072345863,0.424295684,0.032618652,0.023927075,0,0.277195215,0,Stoke-on-Trent Central,lab,,,,,,,,,,,
E14001521,0.230010866,0.038628795,0.470307587,0.055795424,0.019861206,0,0.185396122,0,Stoke-on-Trent North,lab,,,,,,,,,,,
E14001522,0.323836638,0.0550265,0.33060967,0.083687309,0.029033198,0,0.177806684,0,Stoke-on-Trent South,lab,,,,,,,,,,,
E14001523,0.419562219,0.058397003,0.453330067,0.059594102,0.009116609,0,0,0,"Stone, Great Wyrley and Penkridge",lab,,,,,,,,,,,
E14001524,0.275822875,0.05145525,0.450821097,0.05564661,0.010748923,0,0.155505246,0,Stourbridge,lab,,,,,,,,,,,
E14001525,0.09138766,0.075001976,0.630730327,0.112545386,0.023912647,0,0.066422003,0,Stratford and Bow,lab,,,,,,,,,,,
E14001526,0.294051606,0.04665954,0.239732802,0.215398857,0.027875861,0,0.176281333,0,Stratford-on-Avon,con,,,,,,,,,,,
E14001527,0.098952788,0.05324128,0.649278132,0.11325345,0.012670817,0,0.072603533,0,Streatham and Croydon North,lab,,,,,,,,,,,
E14001528,0.128361841,0.058381196,0.629864877,0.045365683,0.011363675,0,0.126662728,0,Stretford and Urmston,lab,,,,,,,,,,,
E14001529,0.183741076,0.077189725,0.512170029,0.032958418,0.007484968,0,0.186455784,0,Stroud,lab,,,,,,,,,,,
E14001530,0.318551644,0.056408279,0.420933241,0.096547297,0,0,0.107559539,0,Suffolk Coastal,lab,,,,,,,,,,,
E14001531,0.148603714,0.047256123,0.586256884,0.037967159,0,0,0.179916119,0,Sunderland Central,lab,,,,,,,,,,,
E14001532,0.323544141,0.080089637,0.196500019,0.252379008,0.008165326,0,0.139321869,0,Surrey Heath,con,,,,,,,,,,,
E14001533,0.306661325,0.061184964,0.237577903,0.175328265,0.006019857,0,0.213227686,0,Sussex Weald,con,,,,,,,,,,,
E14001534,0.267645202,0.049856173,0.233410754,0.334821559,0.007517715,0,0.106748597,0,Sutton and Cheam,ld,,,,,,,,,,,
E14001535,0.290312438,0.064609053,0.330150233,0.093367131,0.010189543,0,0.211371602,0,Sutton Coldfield,lab,,,,,,,,,,,
E14001536,0.234798775,0.055057361,0.46456882,0.050844986,0.009251195,0,0.185478862,0,Swindon North,lab,,,,,,,,,,,
E14001537,0.214545318,0.050714834,0.462020624,0.068397286,0.008414759,0,0.195907178,0,Swindon South,lab,,,,,,,,,,,
E14001538,0.290555816,0.038762449,0.395287545,0.035855152,0.011897718,0,0.22764132,0,Tamworth,lab,,,,,,,,,,,
E14001539,0.300150693,0.045445744,0.402115425,0.101514694,0,0,0.150773444,0,Tatton,lab,,,,,,,,,,,
E14001540,0.24439049,0.023921859,0.176025469,0.410737423,0.016623518,0,0.128301241,0,Taunton and Wellington,ld,,,,,,,,,,,
E14001541,0.263372267,0.062517941,0.453792146,0.03540462,0,0,0.184913025,0,Telford,lab,,,,,,,,,,,
E14001542,0.339981805,0.096171437,0.254943964,0.166069747,0.010015648,0,0.132817398,0,Tewkesbury,con,,,,,,,,,,,
E14001543,0.271345278,0.049089528,0.299894366,0.127323416,0.009275605,0,0.243071806,0,The Wrekin,lab,,,,,,,,,,,
E14001544,0.32870569,0.051297684,0.398929604,0.086723151,0.016015594,0,0.118328277,0,Thirsk and Malton,lab,,,,,,,,,,,
E14001545,0.313480386,0.033940186,0.178073067,0.347755244,0,0,0.126751116,0,Thornbury and Yate,ld,,,,,,,,,,,
E14001546,0.2711634,0.06048447,0.400789749,0.040455501,0.014655135,0,0.212451746,0,Thurrock,lab,,,,,,,,,,,
E14001547,0.221816771,0.054739956,0.440794384,0.043338705,0.018292384,0,0.2210178,0,Tipton and Wednesbury,lab,,,,,,,,,,,
E14001548,0.322001172,0.05822355,0.202825756,0.290405502,0,0,0.12654402,0,Tiverton and Minehead,con,,,,,,,,,,,
E14001549,0.33895184,0.161083025,0.242137562,0.08026001,0.007435495,0,0.170132068,0,Tonbridge,con,,,,,,,,,,,
E14001550,0.137051927,0.074663832,0.620316749,0.0898807,0.009763408,0,0.068323384,0,Tooting,lab,,,,,,,,,,,
E14001551,0.308860374,0.063363556,0.180584563,0.281768898,0.011983342,0,0.153439267,0,Torbay,con,,,,,,,,,,,
E14001552,0.294875024,0.03924966,0.24269219,0.249089693,0.036845728,0,0.137247704,0,Torridge and Tavistock,con,,,,,,,,,,,
E14001553,0.083217295,0.112475146,0.694592222,0.043070509,0.018320458,0,0.048324369,0,Tottenham,lab,,,,,,,,,,,
E14001554,0.232381513,0.043790872,0.485861422,0.081345517,0.011512999,0,0.145107677,0,Truro and Falmouth,lab,,,,,,,,,,,
E14001555,0.264440578,0.02136262,0.22559074,0.376037141,0.008516952,0,0.104051968,0,Tunbridge Wells,ld,,,,,,,,,,,
E14001556,0.18168803,0.03343949,0.126156016,0.569538341,0.005133253,0,0.084044871,0,Twickenham,ld,,,,,,,,,,,
E14001557,0.168773589,0.043429335,0.552816339,0.050133113,0.007551502,0,0.177296123,0,Tynemouth,lab,,,,,,,,,,,
E14001558,0.265681342,0.039335137,0.52282624,0.049443366,0.016441171,0,0.106272744,0,Uxbridge and South Ruislip,lab,,,,,,,,,,,
E14001559,0.109747614,0.093614863,0.603791704,0.109091847,0.019811954,0,0.063942019,0,Vauxhall and Camberwell Green,lab,,,,,,,,,,,
E14001560,0.181292568,0.032646849,0.536274787,0.053948527,0.07806141,0,0.11777586,0,Wakefield and Rothwell,lab,,,,,,,,,,,
E14001561,0.110291595,0.039510251,0.563169785,0.03657013,0.102612178,0,0.147846061,0,Wallasey,lab,,,,,,,,,,,
E14001562,0.238141125,0.080421447,0.443211614,0.043563278,0.021463681,0,0.173198855,0,Walsall and Bloxwich,lab,,,,,,,,,,,
E14001563,0.086933127,0.088302353,0.701004089,0.044903059,0.021589049,0,0.057268324,0,Walthamstow,lab,,,,,,,,,,,
E14001564,0.197855313,0.05985065,0.509899909,0.062625233,0.008908411,0,0.160860483,0,Warrington North,lab,,,,,,,,,,,
E14001565,0.199532802,0.031489843,0.619650888,0.042652425,0.009153716,0,0.097520326,0,Warrington South,lab,,,,,,,,,,,
E14001566,0.205420211,0.075257474,0.529556409,0.077532119,0.016092378,0,0.096141409,0,Warwick and Leamington,lab,,,,,,,,,,,
E14001567,0.141776665,0.060623293,0.501630923,0.03606187,0.00673934,0,0.253167909,0,Washington and Gateshead South,lab,,,,,,,,,,,
E14001568,0.245649098,0.056179288,0.433053393,0.145594447,0.015614564,0,0.10390921,0,Watford,lab,,,,,,,,,,,
E14001569,0.295467006,0.290403697,0.205803828,0.050354449,0.010847103,0,0.147123918,0,Waveney Valley,con,,,,,,,,,,,
E14001570,0.405487412,0.08098826,0.286777593,0.070573441,0,0,0.156173294,0,Weald of Kent,con,,,,,,,,,,,
E14001571,0.297598586,0.08156403,0.380907617,0.051007589,0.008995223,0,0.179926954,0,Wellingborough and Rushden,lab,,,,,,,,,,,
E14001572,0.284880141,0.046790659,0.209369801,0.302657157,0.008689705,0,0.147612537,0,Wells and Mendip Hills,ld,,,,,,,,,,,
E14001573,0.267715874,0.058605571,0.507740051,0.074908806,0,0,0.091029698,0,Welwyn Hatfield,lab,,,,,,,,,,,
E14001574,0.197731234,0.070067799,0.45814193,0.035601391,0.027767673,0,0.210689973,0,West Bromwich,lab,,,,,,,,,,,
E14001575,0.350137781,0.053305354,0.177822296,0.409834543,0.008900026,0,0,0,West Dorset,ld,,,,,,,,,,,
E14001576,0.103916109,0.084544296,0.585754461,0.061023854,0.068340404,0,0.096420876,0,West Ham and Beckton,lab,,,,,,,,,,,
E14001577,0.166871728,0.057459834,0.56666102,0.050229165,0,0,0.158778253,0,West Lancashire,lab,,,,,,,,,,,
E14001578,0.325086986,0.074281487,0.338754658,0.124694277,0.010605232,0,0.126577361,0,West Suffolk,lab,,,,,,,,,,,
E14001579,0.36065996,0.077140902,0.285558673,0.149448231,0.007116832,0,0.120075403,0,West Worcestershire,con,,,,,,,,,,,
E14001580,0.24535969,0.021679715,0.112414322,0.484864579,0.007440613,0,0.128241081,0,Westmorland and Lonsdale,ld,,,,,,,,,,,
E14001581,0.235030907,0.077127339,0.372536044,0.08187575,0,0,0.233429961,0,Weston-super-Mare,lab,,,,,,,,,,,
E14001582,0.395397042,0.078854393,0.269299767,0.109869082,0.024773617,0,0.121806099,0,Wetherby and Easingwold,con,,,,,,,,,,,
E14001583,0.225875294,0.030515118,0.557922741,0.033947937,0,0,0.15173891,0,Whitehaven and Workington,lab,,,,,,,,,,,
E14001584,0.101712487,0.086603528,0.63211752,0.029791864,0.012782302,0,0.136992298,0,Widnes and Halewood,lab,,,,,,,,,,,
E14001585,0.13685988,0.035975718,0.550598,0.038313671,0.007883961,0,0.23036877,0,Wigan,lab,,,,,,,,,,,
E14001586,0.22140361,0.043672666,0.260114599,0.406706326,0.010776552,0,0.057326247,0,Wimbledon,ld,,,,,,,,,,,
E14001587,0.280829422,0.039729042,0.119465788,0.467713586,0.004609728,0,0.087652434,0,Winchester,ld,,,,,,,,,,,
E14001588,0.257939035,0.050319441,0.26397335,0.193098859,0.008434879,0,0.226234436,0,Windsor,lab,,,,,,,,,,,
E14001589,0.229707388,0.123502532,0.480293087,0.047689856,0,0,0.118807137,0,Wirral West,lab,,,,,,,,,,,
E14001590,0.29856933,0.05590863,0.313818165,0.087588574,0.028654737,0,0.215460564,0,Witham,lab,,,,,,,,,,,
E14001591,0.290606959,0.022636767,0.150338183,0.41517732,0.007588678,0,0.113652093,0,Witney,ld,,,,,,,,,,,
E14001592,0.256805747,0.044312883,0.190595192,0.432228449,0.009622233,0,0.066435496,0,Woking,ld,,,,,,,,,,,
E14001593,0.34376672,0.099849735,0.247759874,0.213571136,0,0,0.095052535,0,Wokingham,con,,,,,,,,,,,
E14001594,0.262418948,0.121031422,0.417439566,0.046480497,0,0,0.152629568,0,Wolverhampton North East,lab,,,,,,,,,,,
E14001595,0.21906279,0.049505726,0.49698337,0.040873608,0.01756989,0,0.176004616,0,Wolverhampton South East,lab,,,,,,,,,,,
E14001596,0.227183369,0.043740377,0.480102374,0.038511814,0.048013792,0,0.162448275,0,Wolverhampton West,lab,,,,,,,,,,,
E14001597,0.255651994,0.067848119,0.484960507,0.066775578,0.011964368,0,0.112799435,0,Worcester,lab,,,,,,,,,,,
E14001598,0.169870964,0.02959675,0.572827879,0.070036163,0.02274533,0,0.134922914,0,Worsley and Eccles,lab,,,,,,,,,,,
E14001599,0.255536914,0.055423101,0.42491224,0.061757105,0.008579658,0,0.193790981,0,Worthing West,lab,,,,,,,,,,,
E14001600,0.220827987,0.092194567,0.432868309,0.092267526,0.028784254,0,0.133057356,0,Wycombe,lab,,,,,,,,,,,
E14001601,0.281478237,0.072676191,0.354187235,0.064551546,0.007164131,0,0.21994266,0,Wyre Forest,lab,,,,,,,,,,,
E14001602,0.145010396,0.046248244,0.635309532,0.044776216,0.009006445,0,0.119649168,0,Wythenshawe and Sale East,lab,,,,,,,,,,,
E14001603,0.273655762,0.048039303,0.137553388,0.414443719,0.010579461,0,0.115728367,0,Yeovil,ld,,,,,,,,,,,
E14001604,0.137478346,0.123485053,0.568320757,0.062409429,0.013515079,0,0.094791337,0,York Central,lab,,,,,,,,,,,
E14001605,0.202673221,0.040688052,0.367976154,0.134201587,0.01143113,0,0.243029857,0,York Outer,lab,,,,,,,,,,,
S14000107,0.17407098,0.033514279,0.419302872,0.029737122,0.005311366,0,0.090013741,0.24804964,"Ayr, Carrick and Cumnock",lab,,,,,,,,,,,
S14000108,0.26019742,0.025776548,0.354375862,0.054809094,0.006823306,0,0.072507311,0.225510458,"Berwickshire, Roxburgh and Selkirk",lab,,,,,,,,,,,
S14000109,0.182200087,0.061326832,0.284667352,0.031987169,0.026946398,0,0.087565311,0.325306851,Central Ayrshire,snp,,,,,,,,,,,
S14000021,0.189905317,0.035229726,0.36669654,0.052960124,0.006691092,0,0.063597397,0.284919803,East Renfrewshire,lab,,,,,,,,,,,
S14000027,0.132627175,0,0.313336571,0.067399167,0.007991648,0,0.062080744,0.416564695,Na h-Eileanan an Iar,snp,,,,,,,,,,,
S14000110,0.128892644,0.029744429,0.311935097,0.03456792,0.02856138,0,0.065991995,0.400306535,Kilmarnock and Loudoun,snp,,,,,,,,,,,
S14000045,0.102978349,0,0.487183259,0.047065567,0.005340804,0,0.054988228,0.302443793,Midlothian,lab,,,,,,,,,,,
S14000048,0.147546293,0.03393864,0.300231782,0.037299913,0.006086593,0,0.113916849,0.360979929,North Ayrshire and Arran,snp,,,,,,,,,,,
S14000051,0.077812644,0.04931706,0.150956991,0.36527255,0,0,0.181276851,0.175363903,Orkney and Shetland,ld,,,,,,,,,,,
S14000111,0.235162154,0.029496876,0.287927402,0.07733881,0.00703906,0,0.087026921,0.276008777,West Aberdeenshire and Kincardine,lab,,,,,,,,,,,
S14000060,0.124332663,0.032003083,0.260682297,0.045872077,0.006459399,0,0.094174892,0.436475588,Aberdeen North,snp,,,,,,,,,,,
S14000061,0.16320894,0.034902885,0.365865594,0.06385422,0.006395229,0,0.074720054,0.291053078,Aberdeen South,lab,,,,,,,,,,,
S14000062,0.234597769,0,0.256790439,0.039704154,0,0,0.108235535,0.360672103,Aberdeenshire North and Moray East,snp,,,,,,,,,,,
S14000063,0.085685587,0,0.43668807,0.02668854,0.006310691,0,0.064279664,0.380347448,Airdrie and Shotts,lab,,,,,,,,,,,
S14000064,0.114736085,0.030573805,0.335333599,0.086109377,0.006611715,0,0.062973887,0.363661532,Alloa and Grangemouth,snp,,,,,,,,,,,
S14000065,0.204474226,0,0.205347392,0.045076819,0.00625757,0,0.072827374,0.466016619,Angus and Perthshire Glens,snp,,,,,,,,,,,
S14000066,0.150240517,0,0.251043818,0.06589108,0.006829437,0,0.068344297,0.457650852,Arbroath and Broughty Ferry,snp,,,,,,,,,,,
S14000067,0.185227732,0,0.234621103,0.116056331,0.006611467,0,0.086749485,0.370733882,"Argyll, Bute and South Lochaber",snp,,,,,,,,,,,
S14000068,0.141065525,0.056872882,0.316066779,0.057476907,0.009559961,0,0.101403775,0.31755417,Bathgate and Linlithgow,snp,,,,,,,,,,,
S14000069,0.116199629,0.028879838,0.20107511,0.351357304,0.009489688,0,0.059541522,0.23345691,"Caithness, Sutherland and Easter Ross",ld,,,,,,,,,,,
S14000070,0.06559148,0.03960345,0.369665954,0.020760663,0.0220772,0,0.138026999,0.344274253,Coatbridge and Bellshill,lab,,,,,,,,,,,
S14000071,0.1306188,0.088485876,0.393812605,0.041437862,0.011960622,0,0.090244279,0.243439955,Cowdenbeath and Kirkcaldy,lab,,,,,,,,,,,
S14000072,0.081231582,0.055742246,0.307719323,0.02629265,0,0,0.11543672,0.41357748,Cumbernauld and Kirkintilloch,snp,,,,,,,,,,,
S14000073,0.249518005,0.039464562,0.254809237,0.050175924,0.007807657,0,0.102833568,0.295391047,Dumfries and Galloway,snp,,,,,,,,,,,
S14000074,0.254844043,0.032109213,0.351892255,0.041563241,0.008248043,0,0.080286882,0.231056324,"Dumfriesshire, Clydesdale and Tweeddale",lab,,,,,,,,,,,
S14000075,0.04978037,0,0.275492673,0.020397262,0.005898767,0,0.136894428,0.511536499,Dundee Central,snp,,,,,,,,,,,
S14000076,0.12033853,0.06098644,0.292596154,0.063862285,0.028518097,0,0.105525169,0.328173325,Dunfermline and Dollar,snp,,,,,,,,,,,
S14000077,0.115487831,0.056939319,0.374444401,0.037143848,0.005827865,0,0.063606984,0.346549753,East Kilbride and Strathaven,lab,,,,,,,,,,,
S14000078,0.075852174,0.047496579,0.433001663,0.040952965,0.00580164,0,0.053484635,0.343410345,Edinburgh East and Musselburgh,lab,,,,,,,,,,,
S14000079,0.113306856,0.061200681,0.311410094,0.086899825,0.013204575,0,0.068713739,0.345264231,Edinburgh North and Leith,snp,,,,,,,,,,,
S14000080,0.103242294,0.112858149,0.540264035,0.062212659,0.00698434,0,0.05345751,0.120981014,Edinburgh South,lab,,,,,,,,,,,
S14000081,0.127742157,0.047563263,0.330908167,0.064682494,0.006447346,0,0.079972188,0.342684386,Edinburgh South West,snp,,,,,,,,,,,
S14000082,0.136640647,0.069920193,0.224581435,0.30201444,0.007378114,0,0.061838629,0.197626541,Edinburgh West,ld,,,,,,,,,,,
S14000083,0.105686529,0.036374914,0.325148543,0.033492421,0.005294755,0,0.132302396,0.361700441,Falkirk,snp,,,,,,,,,,,
S14000084,0.072240535,0.080169182,0.397581991,0.024347871,0.007295831,0,0.065676745,0.352687843,Glasgow East,lab,,,,,,,,,,,
S14000085,0.062598482,0.053672096,0.406948459,0.029939389,0.00807581,0,0.065299795,0.37346597,Glasgow North,lab,,,,,,,,,,,
S14000086,0.075264132,0.07027929,0.385541523,0.029822035,0.006815634,0,0.059575272,0.372702112,Glasgow North East,lab,,,,,,,,,,,
S14000087,0.0822251,0.09187064,0.330493461,0.036252761,0.025956087,0,0.059945629,0.373256321,Glasgow South,snp,,,,,,,,,,,
S14000088,0.075411336,0.054230875,0.411462171,0.0263904,0.010973071,0,0.083883684,0.337648463,Glasgow South West,lab,,,,,,,,,,,
S14000089,0.080410802,0.038328743,0.454934417,0.034441148,0.007074065,0,0.056101409,0.328709416,Glasgow West,lab,,,,,,,,,,,
S14000090,0.086610019,0,0.363907273,0.027618573,0,0,0.068361918,0.453502217,Glenrothes and Mid Fife,snp,,,,,,,,,,,
S14000091,0.261675207,0,0.22006849,0.09875661,0,0,0.086425629,0.333074065,Gordon and Buchan,snp,,,,,,,,,,,
S14000092,0.108038488,0,0.499557925,0.028349929,0.005713073,0,0.050306036,0.30803455,Hamilton and Clyde Valley,lab,,,,,,,,,,,
S14000093,0.10896179,0.035252387,0.36349107,0.039437762,0.006608522,0,0.067646116,0.378602353,Inverclyde and Renfrewshire West,snp,,,,,,,,,,,
S14000094,0.126810285,0.054530121,0.250464061,0.126087846,0.006402752,0,0.081607227,0.354097708,"Inverness, Skye and West Ross-shire",snp,,,,,,,,,,,
S14000095,0.095657495,0.05186442,0.328703034,0.028056257,0.006806624,0,0.149824516,0.339087655,Livingston,snp,,,,,,,,,,,
S14000096,0.141347353,0.046125657,0.526248383,0.033381901,0.006108158,0,0.066257963,0.180530585,Lothian East,lab,,,,,,,,,,,
S14000097,0.105582787,0.058828413,0.193747618,0.367683914,0.008812894,0,0.048196714,0.21714766,Mid Dunbartonshire,ld,,,,,,,,,,,
S14000098,0.222520452,0.045563662,0.202033839,0.056607623,0.007104563,0,0.104915522,0.361254338,"Moray West, Nairn and Strathspey",snp,,,,,,,,,,,
S14000099,0.108002591,0.043347252,0.429113867,0.024171818,0.00615646,0,0.073647005,0.315561007,"Motherwell, Wishaw and Carluke",lab,,,,,,,,,,,
S14000100,0.095957519,0.033358996,0.253140763,0.327433478,0,0,0.054903262,0.235205982,North East Fife,ld,,,,,,,,,,,
S14000101,0.100542205,0.030750974,0.396360591,0.035523454,0,0,0.089708251,0.347114525,Paisley and Renfrewshire North,lab,,,,,,,,,,,
S14000102,0.106033472,0.032343287,0.370695727,0.036088087,0.005138086,0,0.057258115,0.392443226,Paisley and Renfrewshire South,snp,,,,,,,,,,,
S14000103,0.192904005,0,0.215729914,0.058635651,0.005789781,0,0.150181905,0.376758742,Perth and Kinross-shire,snp,,,,,,,,,,,
S14000104,0.095047162,0,0.468607276,0.03895356,0.005682565,0,0.045947561,0.345761877,Rutherglen,lab,,,,,,,,,,,
S14000105,0.173797765,0.054301412,0.302748098,0.064096322,0,0,0.067003397,0.338053007,Stirling and Strathallan,snp,,,,,,,,,,,
S14000106,0.08641542,0.039534822,0.350938843,0.037014601,0.017048407,0,0.065026442,0.404021465,West Dunbartonshire,snp,,,,,,,,,,,
W07000081,0.109247898,0.032870905,0.583725457,0.024630924,0.009371532,0.10673466,0.133418625,0,Aberafan Maesteg,lab,,,,,,,,,,,
W07000082,0.172900065,0.031596893,0.37541156,0.066189947,0.043480024,0.072286557,0.238134954,0,Alyn and Deeside,lab,,,,,,,,,,,
W07000083,0.159655546,0.029592438,0.432063196,0.031472388,0.008965074,0.174511626,0.163739732,0,Bangor Aberconwy,lab,,,,,,,,,,,
W07000084,0.168730972,0.052548236,0.600303417,0.041823428,0.013722072,0.122871876,0,0,Blaenau Gwent and Rhymney,lab,,,,,,,,,,,
W07000085,0.271130752,0.028526778,0.269408108,0.242711079,0.012320578,0.088456239,0.087446467,0,"Brecon, Radnor and Cwm Tawe",con,,,,,,,,,,,
W07000086,0.208074473,0.050564873,0.441248841,0.039535625,0.009810747,0.091166947,0.159598494,0,Bridgend,lab,,,,,,,,,,,
W07000087,0.17679821,0.021639203,0.26393634,0.028041979,0.05741784,0.370511915,0.081654513,0,Caerfyrddin,pc,,,,,,,,,,,
W07000088,0.135028663,0.026586534,0.527133859,0.01279111,0,0.167901393,0.130558441,0,Caerphilly,lab,,,,,,,,,,,
W07000089,0.120353055,0.055670256,0.568327587,0.084335589,0.019006359,0.062289671,0.090017483,0,Cardiff East,lab,,,,,,,,,,,
W07000090,0.189544358,0.06460808,0.513686799,0.044319821,0,0.084264444,0.103576498,0,Cardiff North,lab,,,,,,,,,,,
W07000091,0.158242924,0.054612219,0.53580892,0.053396288,0,0.10610519,0.091834459,0,Cardiff South and Penarth,lab,,,,,,,,,,,
W07000092,0.140641294,0.034780595,0.538787318,0.03441777,0.011729371,0.118872071,0.120771581,0,Cardiff West,lab,,,,,,,,,,,
W07000093,0.128847484,0.031341372,0.281296473,0.077686619,0.006295984,0.373916652,0.100615417,0,Ceredigion Preseli,pc,,,,,,,,,,,
W07000094,0.238941075,0.02351234,0.471541963,0.039848522,0.013261914,0.083815373,0.129078813,0,Clwyd East,lab,,,,,,,,,,,
W07000095,0.207918725,0.033674302,0.447883084,0.043771634,0,0.104143616,0.162608639,0,Clwyd North,lab,,,,,,,,,,,
W07000096,0.111566619,0.072134731,0.164363638,0.016626811,0.005582643,0.545670903,0.084054655,0,Dwyfor Meirionnydd,pc,,,,,,,,,,,
W07000097,0.189032253,0.029500312,0.502192822,0.03690133,0.010359484,0.086483271,0.145530528,0,Gower,lab,,,,,,,,,,,
W07000098,0.116514779,0.023195288,0.420901996,0.013398734,0.007629702,0.221030754,0.197328748,0,Llanelli,lab,,,,,,,,,,,
W07000099,0.124822872,0.055886609,0.503803079,0.028658906,0.03297442,0.119718569,0.134135544,0,Merthyr Tydfil and Aberdare,lab,,,,,,,,,,,
W07000100,0.216042534,0.024277429,0.444562133,0.031314084,0.009281251,0.077398277,0.197124292,0,Mid and South Pembrokeshire,lab,,,,,,,,,,,
W07000101,0.248683479,0.045389621,0.388814946,0.080176785,0.011171331,0.063653454,0.162110386,0,Monmouthshire,lab,,,,,,,,,,,
W07000102,0.239772325,0.026793622,0.388165635,0.091229591,0,0.065696206,0.18834262,0,Montgomeryshire and Glyndwr,lab,,,,,,,,,,,
W07000103,0.135764454,0.037908892,0.527110594,0.026819308,0,0.117573655,0.154823096,0,Neath and Swansea East,lab,,,,,,,,,,,
W07000104,0.168186413,0.038621333,0.560289131,0.035722246,0.011364881,0.065451377,0.120364619,0,Newport East,lab,,,,,,,,,,,
W07000105,0.146243002,0.030887667,0.529429218,0.028473102,0.007504654,0.066017564,0.191444794,0,Newport West and Islwyn,lab,,,,,,,,,,,
W07000106,0.138948826,0.03768834,0.503448917,0.021719749,0.01876527,0.140248083,0.139180814,0,Pontypridd,lab,,,,,,,,,,,
W07000107,0.075269111,0.030251727,0.658958166,0.013755225,0,0.121971368,0.099794403,0,Rhondda and Ogmore,lab,,,,,,,,,,,
W07000108,0.128863008,0.041567076,0.472530235,0.060658905,0.012490599,0.102599673,0.181290505,0,Swansea West,lab,,,,,,,,,,,
W07000109,0.148789914,0.038994995,0.491325514,0.038844333,0.00968365,0.066088645,0.206272949,0,Torfaen,lab,,,,,,,,,,,
W07000110,0.21097139,0.088269215,0.508814441,0.014591343,0.010824433,0.03966712,0.126862059,0,Vale of Glamorgan,lab,,,,,,,,,,,
W07000111,0.167259584,0.029502594,0.432048271,0.022632499,0.067747153,0.084164148,0.19664575,0,Wrexham,lab,,,,,,,,,,,
W07000112,0.144822013,0.019843298,0.375665144,0.021572095,0.006639642,0.312648381,0.118809427,0,Ynys Mn,lab,,,,,,,,,,,
